Specimen,Femur length [mm],Stiffness [N/mm],Yield Stiffness [N/mm],Max Load [N],Yield Load [N],Fracture Load [N],Post-yield Deflection [mm],Disp at Yield [mm],Disp at Fx [mm],Disp at Max Load [mm],Total Work [N-mm],Work to Yield [N-mm],Work Post-yield [N-mm]
DO-1,15.78,192.144,172.93,35.37,15.1,33.77,0.3,0.085,0.385,0.316,32.18,1.91,30.27
DO-2,13.93,136.275,122.65,26.95,19.46,21.55,0.345,0.158,0.503,0.33,32.1,4.37,27.73
DO-3,15.78,159.708,143.74,31.89,27.91,24.9,0.682,0.267,0.949,0.513,70.13,10.41,59.72
DO-4,15.23,182.498,164.25,34.89,21,34.71,0.319,0.129,0.449,0.444,37.72,4.24,33.48
DO-5,14.53,164.481,148.03,33.7,28.25,33.7,0.065,0.192,0.257,0.257,21.11,10.76,10.36
DO-6,14.43,152.77,137.49,25.51,20.18,25.51,0.129,0.152,0.281,0.281,16.82,4.13,12.68
DO-7,14.68,151.276,136.15,29.56,26.27,28.14,0.125,0.194,0.319,0.292,25.1,7.68,17.42
DO-8,14.48,122.267,110.04,27.52,22.92,23.6,0.429,0.213,0.642,0.399,68.79,7.08,61.72
DO-9,15.23,183.833,165.45,45.51,38.95,45.03,0.061,0.237,0.298,0.294,27.47,14.13,13.34
DO-10,15.13,172.422,155.18,30.59,18.48,30.59,0.264,0.121,0.385,0.385,28.07,3.25,24.81
DO-11,15.03,99.09,89.18,29.87,29.42,18.34,0.155,0.332,0.486,0.323,33.13,14.91,18.22
DO-12,14.43,174.968,157.47,35.59,30.88,34.8,0.118,0.218,0.336,0.312,26.65,9.78,16.87
DO-13,14.23,138.683,124.81,27.9,19.6,26.75,0.299,0.154,0.453,0.333,56.96,4.7,52.26
DO-14,13.53,149.855,134.87,34.98,15.72,34.98,0.274,0.116,0.389,0.389,43.16,2.57,40.59
DO-15,14.03,169.784,152.81,30.79,22.44,30.66,0.133,0.148,0.28,0.278,18.62,5.09,13.52
DO-16,14.93,165.875,149.29,34.82,16.93,34.82,0.174,0.113,0.288,0.288,20.81,2.93,17.88
DO-17,15.03,202.563,182.31,42.32,23.83,42.31,0.262,0.129,0.391,0.39,37.02,4.63,32.39
DO-18,14.68,149.841,134.86,29.11,24.4,29.08,0.136,0.179,0.315,0.313,21.15,6.73,14.42
DO-19,15.78,234.771,211.29,41.58,27.74,39.88,0.266,0.132,0.398,0.369,38.47,5.09,33.38
DO-20,15.13,171.596,154.44,36.7,21.91,36.7,0.144,0.143,0.287,0.287,21.55,4.9,16.64
DO-21,16.28,201.328,181.19,28.01,22.12,27.82,0.058,0.124,0.183,0.182,10.65,4.04,6.61
DO-22,14,168.425,151.58,33.29,19.06,32.84,0.132,0.127,0.26,0.258,17.66,3.59,14.06
DO-23,14.83,98.979,89.08,21.02,20.08,16.48,0.131,0.272,0.403,0.278,16.82,7.05,9.78
DO-24,15.73,178.934,161.04,25.59,12.65,25.44,0.156,0.083,0.239,0.231,13.35,1.45,11.89
DO-25,13.68,142.997,128.7,32.7,25.03,30.1,0.323,0.193,0.515,0.383,41.78,6.73,35.05
DO-26,14.68,256.896,231.21,58.17,52.19,42.21,0.263,0.247,0.51,0.328,77.68,18.54,59.14
DO-27,14.13,150.898,135.81,25.99,18.84,22.62,0.382,0.138,0.52,0.352,47.69,4.06,43.62
DO-28,14.63,157.649,141.88,29.88,26.42,21.04,0.228,0.191,0.419,0.266,46.06,9.35,36.71
DO-29,14.73,171.638,154.47,28.15,19.03,27.57,0.114,0.12,0.235,0.228,14.6,3.74,10.85
DO-30,15.43,174.119,156.71,24.44,19.88,23.9,0.047,0.126,0.173,0.172,8.58,3.76,4.82
DO-31,15.53,156.294,140.66,26.44,14.43,25.72,0.464,0.099,0.563,0.551,39.38,2.32,37.07
DO-32,15.18,233.883,210.49,38.54,31.48,38.46,0.055,0.149,0.204,0.201,15.74,6.86,8.88
DO-33,14.78,169.58,152.62,38.21,32.61,37.41,0.179,0.213,0.393,0.371,35.79,10.31,25.48
DO-34,15.1,181.234,163.11,42.83,25.25,39.61,0.413,0.154,0.567,0.501,65.18,5.56,59.63
DO-35,15.58,192.111,172.9,33.29,22.83,32.91,0.138,0.133,0.271,0.264,24.92,4.19,20.73
DO-36,14.68,190.82,171.74,38.27,22.51,33.99,0.229,0.132,0.362,0.31,32.49,4.39,28.1
DO-37,14.38,159.708,143.74,39.98,33.32,38.41,0.075,0.228,0.303,0.293,24.15,11.41,12.74
DO-38,16.14,184.989,166.49,34.11,20.61,34.11,0.372,0.125,0.497,0.497,40.41,3.42,36.99
DO-39,15.38,152.122,136.91,34.28,27.06,33.83,0.109,0.201,0.31,0.309,22.23,8.21,14.02
DO-40,15.23,191.888,172.7,48,25.43,47.94,0.168,0.145,0.313,0.312,30.5,5.73,24.76
DO-41,16.04,245.428,220.89,52.03,38.12,51.7,0.118,0.179,0.297,0.29,32.43,9.91,22.52
DO-42,15.88,148.522,133.67,36.16,20.43,31.49,0.471,0.155,0.626,0.374,70.1,4.7,65.4
DO-43,14.33,196.166,176.55,43.96,40.5,43.62,0.058,0.232,0.289,0.286,26.7,13.96,12.73
DO-44,15.53,221.051,198.95,50.37,49.93,50.01,0.011,0.269,0.281,0.266,26.01,17.8,8.21
DO-45,15.63,182.194,163.97,27.83,22.54,26.67,0.202,0.135,0.337,0.302,23.08,4.47,18.61
DO-46,13.88,232.974,209.68,53.94,38.13,53.94,0.213,0.184,0.397,0.397,48.31,9.97,38.34
DO-47,14.63,177.974,160.18,32.88,20.39,32.26,0.189,0.124,0.314,0.306,29.61,3.89,25.72
DO-48,13.89,159.048,143.14,37.73,34.47,27.66,0.217,0.241,0.457,0.311,77.53,12.34,65.2
DO-49,15.68,262.126,235.91,46.39,40.47,45.11,0.096,0.189,0.285,0.278,28.79,10.63,18.17
DO-50,14.63,148.64,133.78,45.23,44.09,37.08,0.129,0.332,0.462,0.337,63.22,34.95,28.26
DO-51,14.83,185.335,166.8,38.24,26.12,37.23,0.151,0.156,0.307,0.293,25.94,5.86,20.09
DO-52,14.68,172.772,155.49,38.52,22.81,37.89,0.212,0.149,0.361,0.354,30.11,5.15,24.96
DO-53,15.98,175.429,157.89,54.94,50.77,54.16,0.088,0.324,0.411,0.402,49.17,24.86,24.32
DO-54,15.23,192.751,173.48,50.97,26.89,42.75,0.919,0.153,1.072,0.543,174.73,6.21,168.52
DO-55,15.18,221.209,199.09,43.12,24.55,42.69,0.149,0.124,0.273,0.272,23.16,4.47,18.69
DO-56,15.63,246.091,221.48,53.76,53.46,53.23,0.001,0.275,0.276,0.275,28.74,20.66,8.09
DO-57,15.12,227.897,205.11,28.82,20.55,28.4,0.088,0.092,0.18,0.157,5.71,1.89,3.82
DO-58,14.79,299.44,269.5,36.79,20.08,35.25,0.168,0.078,0.246,0.241,10.15,1.57,8.58
DO-59,15.02,305.004,274.5,44.04,23.35,42,0.143,0.085,0.228,0.225,10.69,1.98,8.71
DO-60,15.52,264.587,238.13,22.21,19.38,22.21,0.048,0.079,0.128,0.128,3.29,0.88,2.41
DO-61,15.09,210.042,189.04,42.42,32.29,39.27,0.175,0.162,0.337,0.304,16.22,5.23,10.99
DO-62,14.56,219.088,197.18,50.21,38.49,48.48,0.064,0.189,0.253,0.25,13.05,4.13,8.92
DO-63,13.92,129.579,116.62,32.19,20.84,29.04,0.227,0.194,0.411,0.34,14.2,4.04,10.16
DO-64,14.09,182.131,163.92,33.18,25.51,31.38,0.169,0.151,0.319,0.304,12.25,3.85,8.4
DO-65,15.72,223.364,201.03,33.72,19.26,32.77,0.178,0.094,0.272,0.246,10.44,1.02,9.42
DO-66,15.93,271.27,211.14,38.74,33.94,37.55,0.069,0.136,0.205,0.186,8.87,2.58,6.29
DO-67,14.52,196.032,176.43,27.96,12.49,26.77,0.23,0.062,0.292,0.279,9.23,0.77,8.46
DO-68,15.9,193.967,174.57,47.6,44.21,47.43,0.012,0.284,0.297,0.296,14.02,6.46,7.56
DO-69,15.61,164.05,147.64,38.41,17.98,37.9,0.191,0.11,0.301,0.3,12.27,1.15,11.12
DO-70,15.49,239.846,215.86,35.34,24.35,34.78,0.137,0.103,0.24,0.24,9.64,2.51,7.13
DO-71,15.15,252.702,227.43,43.02,27.28,41.58,0.134,0.113,0.247,0.231,11.84,3.08,8.76
DO-72,15.27,309.533,278.58,50.23,22.88,49.71,0.251,0.081,0.331,0.316,19.68,1.02,18.65
DO-73,15.62,258.45,232.6,36.39,31.33,28.84,0.149,0.14,0.289,0.233,11.76,4.39,7.37
DO-74,15.62,296.86,267.17,42.01,39.24,41.98,0.003,0.149,0.151,0.144,6.55,3.26,3.28
DO-75,16.11,287.542,258.79,35.7,20.4,32.61,0.264,0.075,0.339,0.228,14.46,0.87,13.59
DO-76,15.6,359.395,323.46,55.08,46.25,52.56,0.103,0.144,0.246,0.227,15.41,3.58,11.82
DO-77,15.18,268.683,241.81,36.29,29.11,35.88,0.041,0.118,0.159,0.155,6.06,1.9,4.16
DO-78,16,206.065,185.46,34.92,20.6,33.21,0.19,0.105,0.295,0.26,11.78,1.25,10.52
DO-79,15.47,235.684,212.12,39.26,26.68,39.26,0.072,0.141,0.213,0.213,8.52,1.98,6.54
DO-80,15.73,198.066,178.26,36.44,30.76,36.39,0.057,0.144,0.201,0.2,7.82,2.21,5.61
DO-81,15.03,240.27,216.24,27.19,16.82,22.82,0.317,0.086,0.403,0.206,12.55,1.45,11.1
DO-82,15.07,128.206,115.39,39.78,30.96,35.42,0.294,0.257,0.551,0.387,24.62,4.53,20.09
DO-83,15.6,258.66,232.79,29.62,20.7,27.79,0.107,0.107,0.214,0.17,7.04,2.21,4.83
DO-84,14.99,243.597,219.24,45.61,31.26,34.8,0.416,0.222,0.638,0.361,31.41,3.68,27.73
DO-85,14.53,291.543,262.39,40.91,23.86,39.67,0.168,0.092,0.26,0.248,11.95,1.19,10.76
DO-86,14.63,371.528,334.38,37.9,26.99,37.29,0.079,0.081,0.16,0.155,6.79,1.18,5.6
DO-87,14.87,306.141,275.53,44.19,26.67,44.19,0.233,0.098,0.331,0.331,17.37,1.41,15.96
DO-88,15.02,293.072,263.77,46.54,32.67,45.85,0.191,0.119,0.31,0.259,17.49,2.16,15.32
DO-89,15.95,274.815,247.33,38.24,27.73,38.11,0.176,0.113,0.289,0.289,28.44,5.03,23.41
DO-90,15.64,237.617,213.86,32.63,14.25,32.63,0.133,0.069,0.201,0.201,7.02,0.52,6.5
DO-91,14.83,276.12,248.51,41.92,28.91,41.61,0.112,0.118,0.23,0.226,10.63,1.82,8.81
DO-92,15.41,230.707,207.64,42.57,21.78,41.38,0.218,0.108,0.325,0.321,15.55,1.26,14.28
DO-93,15.53,213.905,192.51,37.37,26.82,36.63,0.187,0.142,0.329,0.323,14.35,2.06,12.29
DO-94,16.5,194.686,175.22,37.68,18.59,36.89,0.304,0.102,0.406,0.397,17.93,1.08,16.86
DO-95,15.14,285.717,257.15,46.3,20.49,44.94,0.219,0.08,0.299,0.298,15.39,0.89,14.49
DO-96,15.52,163.565,147.21,43.36,40.09,41.79,0.117,0.283,0.4,0.385,19.22,6.04,13.18
DO-97,14.39,150.89,135.8,35.65,25.88,32.06,0.112,0.199,0.31,0.307,10.99,2.73,8.27
DO-98,15.49,210.335,189.3,33.34,16.77,31.19,0.345,0.092,0.437,0.388,17.44,0.82,16.62
DO-99,15.82,299.039,269.14,30.96,24.91,30.44,0.043,0.094,0.137,0.134,4.57,1.26,3.31
DO-100,15.79,258.257,232.43,44.15,41.65,42.95,0.036,0.18,0.216,0.213,10.26,4.07,6.19
DO-101,15.9,208.404,187.56,37.37,17.62,36.42,0.244,0.094,0.338,0.246,14.77,0.91,13.86
DO-102,16.59,278.851,250.97,54.05,28.1,53.18,0.245,0.112,0.357,0.329,22.56,1.73,20.84
DO-103,15.45,269.639,242.67,27.92,19.51,27.9,0.083,0.08,0.163,0.159,5.19,0.85,4.34
DO-104,14.68,225.7,203.13,35.67,27.29,34.8,0.141,0.138,0.278,0.278,11.36,2,9.36
DO-105,15.02,245.888,221.3,34.77,19.02,34.37,0.129,0.086,0.215,0.214,8.19,0.89,7.3
DO-106,15.27,244.498,220.05,44.97,39.77,44.87,0.066,0.186,0.252,0.248,12.41,3.97,8.44
DO-107,14.9,203.64,183.28,26.82,19.75,26.82,0.055,0.109,0.164,0.164,4.68,1.17,3.52
DO-108,14.62,204.394,183.95,29.3,16.78,29.01,0.135,0.09,0.224,0.214,7.29,0.84,6.45
DO-109,15.11,238.537,214.68,41.82,34.86,38,0.246,0.166,0.412,0.321,20.62,3.11,17.51
DO-110,15.91,359.134,323.22,54.24,45.95,53.65,0.11,0.146,0.257,0.233,16.09,3.6,12.49
DO-111,14.14,182.347,164.11,26.09,19.71,25.2,0.086,0.123,0.209,0.201,5.94,1.31,4.63
DO-112,14.64,254.106,228.7,41.62,31.9,37.76,0.199,0.142,0.341,0.282,16.45,2.42,14.03
DO-113,15.52,219.442,197.5,38.95,33.73,38.3,0.06,0.176,0.236,0.234,9.88,3.18,6.71
DO-114,15.16,126.705,114.03,27.74,26.21,24.52,0.061,0.277,0.338,0.283,9.61,3.95,5.66
DO-115,16.21,248.135,223.32,44.07,26.89,43.02,0.208,0.121,0.328,0.324,16.43,1.77,14.67
DO-116,15.67,184.725,166.25,41.74,19.07,40.09,0.218,0.113,0.331,0.328,14.4,1.19,13.21
DO-117,14.9,256.075,230.47,29.61,17.13,28.81,0.095,0.075,0.17,0.167,5.39,0.69,4.7
DO-118,15.74,213.74,192.37,42.47,22.39,41.58,0.137,0.118,0.255,0.254,11.36,1.44,9.92
DO-119,15.46,282.985,254.69,47.79,38.57,46.7,0.106,0.151,0.257,0.248,13.8,3.13,10.67
DO-120,15.79,255.291,229.76,52.17,26.94,51.74,0.269,0.118,0.387,0.387,21.84,1.73,20.11
DO-121,16.06,168.372,151.53,35.02,23.56,33.54,0.095,0.208,0.304,0.285,10.51,2.58,7.94
DO-122,15.59,244.028,219.62,39.35,27.77,38.6,0.1,0.132,0.232,0.223,9.83,3.67,6.16
DO-123,16.57,245.35,220.82,48.49,36.79,48.15,0.081,0.183,0.264,0.262,13.66,6.73,6.93
DO-124,15.82,175.026,157.52,38.67,17.6,37.9,0.15,0.096,0.246,0.245,10.02,1.02,9
DO-125,15.99,225.026,202.52,48.4,40.83,47.16,0.104,0.203,0.307,0.257,16.39,4.52,11.87
DO-126,15.7,170.336,153.3,40.77,25.26,39.71,0.089,0.178,0.267,0.266,11.01,4.5,6.51
DO-127,16.07,279.95,251.96,63.3,45.62,52.91,0.357,0.179,0.536,0.393,38.69,8.17,30.52
DO-128,15.6,331.202,298.08,54.63,49.34,52.47,0.097,0.165,0.262,0.209,16.17,8.14,8.03
DO-129,16.04,239.214,215.29,45.43,32.47,44.2,0.196,0.17,0.366,0.361,18.43,5.52,12.91
DO-130,,,,,,,,,,,,,
DO-131,,,,,,,,,,,,,
DO-132,14.58,248.075,223.27,39.91,38.44,39.51,0.005,0.187,0.192,0.191,7.64,3.68,3.96
DO-133,15.78,281.078,252.97,40.67,22.19,38.8,0.114,0.095,0.209,0.206,9.11,2.11,7
DO-134,15.61,283.043,254.74,43.82,30.11,43.82,0.078,0.117,0.195,0.195,9.09,1.98,7.11
DO-135,15.39,291.426,262.28,48.64,30.69,47.93,0.126,0.118,0.245,0.242,12.99,1.97,11.02
DO-136,15.65,245.049,220.54,41.88,24.29,41.16,0.206,0.11,0.316,0.285,15.12,1.46,13.66
DO-137,14.51,124.035,111.63,16.7,13.23,16.36,0.136,0.12,0.256,0.255,4.94,1.59,3.35
DO-138,15.05,144.167,129.75,26.23,9.48,26.23,0.246,0.067,0.313,0.313,8.15,0.36,7.8
DO-139,14.47,223.926,201.53,36.58,35.22,36.1,0.033,0.189,0.222,0.218,8.62,3.46,5.16
DO-140,15.52,183.016,164.71,20.32,12.97,19.92,0.094,0.076,0.17,0.169,3.86,0.56,3.3
DO-141,15.85,226.583,203.92,35.78,18.96,35.74,0.106,0.088,0.193,0.193,7.29,0.94,6.35
DO-142,14.48,132.545,119.29,23.86,9.91,21.2,0.381,0.081,0.462,0.32,11.91,0.45,11.47
DO-143,15.43,175.185,157.67,22.57,16.27,22.48,0.041,0.099,0.14,0.131,3.34,0.92,2.42
DO-144,,,,,,,,,,,,,
DO-145,15.2,191.347,172.21,31.2,17.01,30.93,0.164,0.099,0.263,0.245,9.47,1.68,7.79
DO-146,15.01,209.729,188.76,45.73,42.47,42.69,0.048,0.231,0.28,0.263,13.29,5.23,8.06
DO-147,14.82,167.822,151.04,41.27,15.5,39.46,0.255,0.102,0.358,0.353,14.48,0.87,13.6
DO-148,15.24,216.109,194.5,30.15,20.17,29.45,0.169,0.101,0.269,0.264,9.66,1.14,8.52
DO-149,16.13,184.577,166.12,31.77,23.61,31.06,0.133,0.139,0.272,0.269,9.57,1.82,7.74
DO-150,14.56,139.612,125.65,16.96,13.54,16.64,0.148,0.104,0.252,0.246,5.16,0.8,4.37
DO-151,15.18,190.354,171.32,43.12,16.04,34.75,0.165,0.093,0.258,0.257,10.04,0.86,9.18
DO-152,14.89,224.77,202.29,47.39,22.46,39.97,0.306,0.109,0.415,0.415,19.34,1.37,17.97
DO-153,16.47,223.455,201.11,36.9,19.2,36.74,0.257,0.094,0.351,0.35,14.96,0.99,13.96
DO-154,16.24,210.278,189.25,35.17,18.88,34.67,0.109,0.097,0.206,0.206,7.41,1.03,6.39
DO-155,16.45,229.64,206.68,41.29,25.69,41.04,0.202,0.124,0.326,0.323,15.2,1.72,13.48
DO-156,15.33,182.384,164.15,45.5,22.4,40.36,0.28,0.138,0.418,0.39,19.59,1.68,17.92
DO-157,14.58,149.872,134.88,20.78,9.14,17.26,0.275,0.069,0.344,0.276,7.73,0.34,7.38
DO-158,15.03,186.496,167.85,31.68,12.44,27.2,0.553,0.074,0.626,0.467,22.44,0.5,21.94
DO-159,14.95,330.657,297.59,67.17,56.82,65.31,0.13,0.191,0.321,0.264,24.6,5.77,18.83
DO-160,15.71,283.007,254.71,43.91,20.53,43.72,0.181,0.081,0.262,0.262,13.02,0.91,12.11
DO-161,14.65,342.816,308.53,50.87,39.38,50.83,0.047,0.128,0.175,0.175,9.34,2.76,6.58
DO-162,15.77,289.475,260.53,50.97,26.34,43.42,0.42,0.104,0.524,0.318,31.84,1.48,30.36
DO-163,15.41,290.334,261.3,41.01,20.83,40.48,0.17,0.081,0.251,0.226,11.86,0.89,10.97
DO-164,16.46,254.244,228.82,54.51,24.08,48.34,0.498,0.104,0.602,0.437,38.69,1.35,37.34
DO-165,15.19,224.562,202.11,46.12,16.93,45.52,0.477,0.084,0.561,0.559,27.3,0.77,26.53
DO-166,15.31,232.722,209.45,38.94,33.78,38.82,0.05,0.162,0.212,0.21,8.87,2.93,5.94
DO-167,15.64,207.893,187.1,36.74,32.8,36.31,0.035,0.192,0.227,0.226,8.54,3.19,5.36
DO-168,14.87,220.741,198.67,35.19,25.76,34.79,0.101,0.13,0.231,0.229,8.81,3.35,5.46
DO-169,15.42,283.278,254.95,51.38,39.97,47.14,0.251,0.157,0.408,0.28,25.12,3.35,21.77
DO-170,15.2,233.472,210.12,34.16,22.71,33.75,0.104,0.108,0.212,0.212,7.9,1.32,6.58
DO-171,16.55,286.692,258.02,47.89,36.92,47.48,0.101,0.184,0.285,0.284,14.44,3.36,11.07
DO-172,14.34,159.363,143.43,38.41,34.77,36.9,0.105,0.249,0.354,0.329,15.05,4.68,10.37
DO-173,14.49,233.256,209.93,41.62,36.39,39.2,0.186,0.166,0.352,0.246,17.31,3.08,14.23
DO-174,13.28,95.55,85.99,21.43,20.78,19.24,0.14,0.288,0.429,0.283,9.91,2.99,6.93
DO-175,14.99,167.126,150.41,34.75,15.99,34.34,0.214,0.109,0.323,0.311,11.77,0.95,10.83
DO-176,14.25,168.248,151.42,32.81,19.62,32.27,0.358,0.132,0.49,0.484,19.59,1.39,18.19
DO-177,15.12,161.678,145.51,50.56,44.48,49.28,0.092,0.308,0.4,0.386,21.69,7.41,14.28
DO-178,15.23,203.567,183.21,34.67,31.9,33.6,0.096,0.214,0.31,0.277,11.92,3.48,8.45
DO-179,15.4,283.816,255.43,50.2,33.26,44.66,0.382,0.132,0.514,0.3,31.25,2.38,28.88
DO-180,14.72,140.5,126.45,35.23,34.52,30.88,0.145,0.257,0.402,0.26,15.25,4.57,10.68
DO-181,15.73,192.302,173.07,45.82,42.56,45.61,0.025,0.223,0.248,0.247,11.7,4.92,6.77
DO-182,15.75,225.918,203.33,45.93,31.88,33.85,0.639,0.155,0.794,0.269,40.39,2.67,37.72
DO-183,16.73,261.728,235.56,65.66,59.43,64.5,0.148,0.251,0.399,0.37,30.5,8.14,22.36
DO-184,15.4,273.969,246.57,43.78,32.86,43.28,0.095,0.135,0.23,0.227,11.06,2.4,8.66
DO-185,14.87,261.829,235.65,31.38,15.47,31.06,0.148,0.07,0.218,0.208,7.72,0.57,7.15
DO-186,15.1,216.93,195.24,33.51,28.14,32.26,0.06,0.148,0.208,0.198,7.47,2.25,5.21
DO-187,15.54,215.581,194.02,29.86,25.77,29.86,0.072,0.132,0.204,0.204,6.84,1.9,4.93
DO-188,15.68,243.825,219.44,43.79,38.86,41.06,0.09,0.179,0.269,0.261,13.02,3.76,9.26
DO-189,15.72,215.99,194.39,38.41,36.85,38.41,0.013,0.192,0.205,0.205,8.23,3.83,4.4
DO-190,15.37,210.3,189.27,34.16,20.75,34.16,0.127,0.107,0.234,0.222,8.65,1.11,7.54
DO-191,15.37,246.475,221.83,40.56,35.48,39.92,0.063,0.168,0.231,0.222,10.18,3.16,7.02
DO-192,14.6,141.219,127.1,45.48,41.11,42.78,0.192,0.33,0.522,0.422,26.71,7.22,19.49
DO-193,14.72,196.131,176.52,33.4,24.78,28.48,0.242,0.141,0.384,0.317,14.66,1.93,12.72
DO-194,15.08,181.764,163.59,32.69,23.16,31.8,0.092,0.143,0.235,0.232,8.15,1.82,6.33
DO-195,16.27,170.993,153.89,33.77,32.8,32.92,0.003,0.212,0.215,0.208,7.51,3.88,3.63
DO-196,15.21,208.831,187.95,44.75,32.97,43.81,0.097,0.182,0.28,0.267,13.28,3.27,10.02
DO-197,15.54,208.945,188.05,47.38,37.56,45.08,0.117,0.196,0.312,0.297,16.37,4.11,12.25
DO-198,14.57,217.264,195.54,33.16,18,29.95,0.356,0.089,0.445,0.333,17.24,0.9,16.34
DO-199,16.21,227.948,205.15,48.89,21.85,48.32,0.142,0.108,0.25,0.243,12.6,1.29,11.31
DO-200,15.14,169.031,152.13,33.25,31.15,32.15,0.004,0.203,0.207,0.194,7.1,3.65,3.45
DO-201,15.24,176.047,158.44,29.88,24.72,29.64,0.087,0.155,0.243,0.243,8.16,2.1,6.05
DO-202,14.23,212.934,191.64,29.8,17.69,28.6,0.121,0.091,0.212,0.209,6.85,0.9,5.96
DO-203,15.29,211.188,190.07,44.16,16.58,38.25,0.337,0.083,0.42,0.288,20.59,0.79,19.8
DO-204,16.64,295.86,266.27,45.01,32.39,43.22,0.128,0.119,0.248,0.222,12.67,2.17,10.5
DO-205,14.36,176.434,158.79,35.88,18.02,35.71,0.129,0.112,0.241,0.241,9.1,1.12,7.98
DO-206,15.4,178.301,160.47,35.92,15.43,33.57,0.257,0.098,0.355,0.335,13.36,0.83,12.52
DO-207,14.51,177.224,159.5,26.38,12.29,25.58,0.106,0.077,0.184,0.178,4.91,0.53,4.38
DO-208,15.33,198.403,178.56,35.5,,35.5,0,,0.177,0.177,6.15,6.15,0
DO-209,14.75,178.113,160.3,42.8,40.18,36.05,0.155,0.253,0.409,0.286,18.79,5.08,13.71
DO-210,15.85,162.005,145.8,35.07,14.72,34.37,0.188,0.101,0.288,0.277,10.16,0.82,9.35
DO-211,15.09,245.762,221.19,42.03,35.17,40.32,0.106,0.162,0.269,0.235,12.69,3.13,9.56
DO-212,14.86,208.066,187.26,17.36,5.08,17.04,0.094,0.026,0.121,0.114,2.19,0.08,2.11
DO-213,15.38,189.395,170.46,31.44,14.63,30.64,0.229,0.089,0.318,0.307,10.79,0.7,10.09
DO-214,15.02,312.427,281.18,53.28,47.04,49.31,0.075,0.181,0.255,0.24,14.53,4.48,10.05
DO-215,15.22,155.196,139.68,32.75,24.87,31.44,0.144,0.173,0.317,0.306,11.57,2.4,9.17
DO-216,16.21,301.563,271.41,56.68,48.52,54.9,0.049,0.174,0.223,0.214,13.61,4.88,8.72
DO-217,15.78,184.373,165.94,34.17,33.16,31.04,0.101,0.197,0.298,0.205,25.05,10.76,14.28
DO-218,15.85,228.239,205.42,33.49,28.69,33.22,0.033,0.141,0.174,0.173,12.4,6.23,6.16
DO-219,14.84,176.843,159.16,35.48,30.29,34.71,0.196,0.253,0.449,0.433,38.53,11.32,27.21
DO-220,14.69,131.101,117.99,33.28,28.73,32.85,0.207,0.248,0.455,0.418,38.73,11.32,27.41
DO-221,16.37,196.939,177.25,40.27,34.17,36.91,0.134,0.191,0.325,0.264,30.12,10.63,19.5
DO-222,14.74,205.133,184.62,38.31,24.92,37.32,0.169,0.133,0.302,0.288,27.24,5.03,22.21
DO-223,15.5,202.915,182.62,42.27,37.44,37.16,0.361,0.206,0.567,0.261,65.05,12.36,52.69
DO-224,15.51,236.974,213.28,43.34,36,41.96,0.156,0.172,0.328,0.306,33.75,9.3,24.44
DO-225,14.97,224.506,202.06,43.28,34.79,41.85,0.114,0.176,0.29,0.288,27.6,9.37,18.23
DO-226,16.13,272.91,245.62,38.98,33.47,38.55,0.035,0.15,0.185,0.185,14.87,7.61,7.26
DO-227,16.09,223.389,201.05,36.03,30.58,35.75,0.073,0.154,0.227,0.225,17.89,7.14,10.75
DO-228,11.08,56.721,51.05,20.02,7.77,19.92,0.306,0.148,0.454,0.453,17.95,1.77,16.18
DO-229,14.33,160.181,144.16,27.51,,27.51,0,,0.169,0.169,6.54,6.54,0
DO-230,15.88,219.248,197.32,38.28,26.9,38.28,0.057,0.133,0.19,0.19,14.53,5.16,9.37
DO-231,14.67,178.093,160.28,36.48,32.11,29.7,0.626,0.205,0.831,0.431,82.89,9.83,73.07
DO-232,15.94,210.158,189.14,33.72,22.68,33.52,0.083,0.117,0.2,0.198,15.09,4.34,10.74
DO-233,14.77,228.728,205.85,44.02,33.02,44.02,0.091,0.16,0.251,0.251,12,2.9,9.1
DO-234,15.23,258.205,232.38,44.97,,44.75,0,,0.177,0.177,8.11,8.11,0
DO-235,15.12,262.115,235.9,41.4,38.82,41.35,0.003,0.166,0.169,0.169,7.19,3.57,3.62
DO-236,15.31,231.849,208.66,39.07,33.94,28.51,0.088,0.165,0.253,0.207,9.52,3.04,6.48
DO-237,14.09,190.642,171.58,35.9,34.63,35.9,0.033,0.204,0.237,0.237,9.22,3.81,5.41
DO-238,15.4,217.526,195.77,40.25,30.84,40.14,0.087,0.157,0.244,0.244,10.6,2.65,7.95
DO-239,15.09,289.907,260.92,53.14,28.16,50.73,0.171,0.109,0.28,0.263,16.29,1.68,14.61
DO-240,14.98,280.489,252.44,51.44,42.99,51.13,0.068,0.193,0.26,0.258,14.12,4.18,9.93
DO-241,14.4,221.567,199.41,32.26,29.43,32.26,0.017,0.151,0.168,0.168,5.59,2.37,3.22
DO-242,15.66,238.883,214.99,45.1,40.05,39.62,0.322,0.186,0.508,0.26,27.42,4.05,23.37
DO-243,15.72,298.044,268.24,45.44,35.1,45.31,0.086,0.133,0.219,0.219,11.07,2.52,8.55
DO-244,15.21,234.081,210.67,44.22,26.63,39.21,0.261,0.123,0.385,0.283,19.2,1.83,17.36
DO-245,16.02,191.618,172.46,26.34,18.09,25.85,0.085,0.107,0.192,0.191,5.47,1.09,4.38
DO-246,15.64,114.741,103.27,34.55,27.71,33.92,0.202,0.249,0.451,0.436,17.46,3.45,14.01
DO-247,15.95,216.491,194.84,34,24.29,33.84,0.052,0.124,0.176,0.174,6.11,1.65,4.45
DO-248,15.82,272.26,245.03,42.25,34.95,41.6,0.077,0.141,0.218,0.213,10.22,2.7,7.52
DO-249,15.66,141.846,127.66,32.6,6.66,27.1,0.507,0.051,0.559,0.515,18.28,0.19,18.09
DO-250,16.4,177.574,159.82,25.76,13.27,25.18,0.105,0.092,0.197,0.196,5.28,1.22,4.06
DO-251,15.07,158.454,142.61,28.15,11.84,27.77,0.253,0.092,0.346,0.345,10.77,1.09,9.68
DO-252,15.16,147.784,133.01,19.41,11.48,19.41,0.073,0.079,0.152,0.152,3.13,0.54,2.59
DO-253,15.88,230.979,207.88,26.39,15.79,25.05,0.056,0.076,0.132,0.129,3.49,0.7,2.8
DO-254,15.24,149.099,134.19,29.45,20.99,26.87,0.161,0.162,0.324,0.315,10.17,1.89,8.29
DO-255,15.62,276.201,248.58,45.97,22.06,45.91,0.132,0.089,0.221,0.22,10.64,1.07,9.57
DO-256,16.15,228.12,205.31,44.39,29.85,43.48,0.059,0.151,0.21,0.208,9.29,2.46,6.82
DO-257,14.45,167.004,150.3,27,19.97,26.67,0.076,0.138,0.214,0.213,6.03,2.76,3.27
DO-258,14.53,149.83,134.85,22.36,15.47,19.97,0.161,0.117,0.278,0.203,6.93,1.81,5.12
DO-259,15.76,190.345,171.31,27.02,19.12,25.48,0.332,0.115,0.447,0.175,14.47,1.18,13.28
DO-260,14.73,216.56,194.9,25.49,17.6,25.4,0.072,0.092,0.165,0.161,4.6,1.62,2.98
DO-261,16.09,225.578,203.02,35.91,26.11,35.91,0.081,0.138,0.218,0.218,8.52,3.6,4.92
DO-262,14.55,137.78,124,35.11,13.6,34.49,0.167,0.107,0.274,0.266,9.75,0.82,8.94
DO-263,15.2,167.37,150.63,26.62,23.71,26.52,0.007,0.158,0.165,0.165,4.47,2.11,2.36
DO-264,14.58,174.698,157.23,34.04,16.9,33.03,0.106,0.11,0.216,0.215,7.41,1.04,6.37
DO-265,16.18,164.607,148.15,44.79,24.53,41.76,0.151,0.173,0.325,0.314,14.38,2.26,12.12
DO-266,15.95,188.107,169.3,27.49,20.56,25.42,0.051,0.128,0.179,0.172,4.97,2.63,2.34
DO-267,15.29,229.18,206.26,40.5,36.43,38.06,0.023,0.21,0.233,0.213,9.23,3.89,5.34
DO-268,15.86,199.666,179.7,35.17,13.82,35.04,0.108,0.076,0.184,0.183,6.56,0.61,5.95
DO-269,16.05,210.878,189.79,43.23,21.82,38.09,0.223,0.115,0.338,0.282,15.41,1.38,14.03
DO-270,15.52,205.018,184.52,29.95,21.28,28.7,0.083,0.131,0.215,0.21,6.83,2.79,4.04
DO-271,15.51,163.721,147.35,40.27,16.82,38.59,0.206,0.128,0.333,0.332,13.73,2.15,11.58
DO-272,15.91,252.508,227.26,46.49,36.19,42.14,0.075,0.164,0.239,0.231,11.33,3.21,8.12
DO-273,16.36,242.42,218.18,42.9,37.86,41.81,0.067,0.201,0.269,0.252,12.11,3.8,8.3
DO-274,15.44,267.877,241.09,44.82,42.18,44.82,0.017,0.196,0.213,0.211,9.73,4.22,5.51
DO-275,15.19,238.786,214.91,40.64,,40.35,0,,0.185,0.184,7.46,7.46,0
DO-276,15.86,178.467,160.62,30.54,,30.54,0,,0.21,0.21,6.17,6.17,0
DO-277,15.43,160.776,144.7,34.35,15.65,31.52,0.117,0.102,0.219,0.215,7.48,0.92,6.55
DO-278,15.28,240.52,216.47,30.73,16.85,30.73,0.071,0.077,0.148,0.148,4.63,0.73,3.91
DO-279,14.94,189.389,170.45,37.49,35.51,36.86,0.024,0.233,0.257,0.253,9.83,4.23,5.6
DO-280,16.22,285.431,256.89,51.05,33.65,50.62,0.208,0.136,0.344,0.277,20.44,2.48,17.96
DO-281,16.46,199.378,179.44,46.96,43.97,46.37,0.019,0.283,0.302,0.302,14.19,6.33,7.86
DO-282,14.49,192.695,173.43,44.02,35.97,43.32,0.166,0.226,0.392,0.365,19.38,4.18,15.19
DO-283,16.21,266.152,239.54,39.04,,39.04,0,,0.161,0.161,6.24,6.24,0
DO-284,14.7,188.219,169.4,40.08,34.97,39.46,0.12,0.219,0.339,0.32,15.24,4.01,11.23
DO-285,15.43,143.23,128.91,40.2,17.1,39.11,0.285,0.13,0.415,0.399,17.58,1.23,16.35
DO-286,16.09,142.651,128.39,48.96,18.8,48.49,0.184,0.143,0.327,0.323,15.62,1.5,14.12
DO-287,15.55,193.05,173.75,43.15,32.13,43.15,0.135,0.232,0.367,0.367,16.68,3.54,13.14
DO-288,14.92,102.598,92.34,17.62,14.61,16.2,0.063,0.156,0.219,0.204,4.09,1.28,2.81
DO-289,14.78,110.447,99.4,30.3,23.29,30.12,0.181,0.251,0.432,0.425,14.52,3.14,11.38
DO-290,15.92,218.706,196.84,42.04,,40.45,0,,0.204,0.202,8.41,8.41,0
DO-291,15.29,137.672,123.91,27.07,22.88,26.29,0.067,0.216,0.283,0.277,7.89,2.5,5.39
DO-292,15.78,130.345,117.31,38.75,36.99,38.44,0.018,0.352,0.37,0.36,14.46,6.68,7.78
DO-293,14.71,156.789,141.11,42.25,39.87,39.87,0,0.295,0.295,0.295,12.36,6.48,5.88
DO-294,13.97,160.921,144.83,29.06,,28.88,0,,0.224,0.223,6.41,6.41,0
DO-295,15.57,150.92,135.83,36.68,32.86,35.49,0.069,0.255,0.324,0.321,12.61,4.48,8.13
DO-296,15.58,200.034,180.03,42.19,36.87,42.19,0.075,0.256,0.331,0.331,14.55,4.58,9.97
DO-297,15.16,145.636,131.07,48.32,18.24,47.98,0.352,0.138,0.491,0.49,25.67,1.38,24.29
DO-298,16.24,174.516,157.06,40.05,21.93,39.43,0.14,0.136,0.276,0.263,11.7,1.67,10.04
DO-299,15.51,167.558,150.8,50.12,34.96,48.06,0.211,0.233,0.444,0.397,24.48,4.47,20.01
DO-300,15.94,185.214,166.69,56.72,25.91,56.72,0.195,0.15,0.345,0.345,20.09,2.17,17.92
DO-301,15.15,108.961,98.07,29.41,16.65,29.2,0.218,0.17,0.388,0.386,12.36,1.53,10.83
DO-302,15.06,111.972,100.78,16.86,15.28,16.49,0.098,0.147,0.245,0.243,4.83,1.26,3.57
DO-303,15.69,159.332,143.4,32.91,22.38,32.59,0.114,0.153,0.267,0.266,9.33,1.93,7.41
DO-304,14.81,140.159,126.14,39.38,22.55,36.97,0.379,0.18,0.56,0.502,25.82,2.23,23.59
DO-305,15.98,228.217,205.4,49.43,33.97,48.95,0.315,0.166,0.481,0.458,28.8,3.12,25.69
DO-306,15.4,182.609,164.35,41.01,30.47,40.94,0.044,0.17,0.214,0.213,8.71,5.18,3.53
DO-307,15.67,222.962,200.67,37.68,36.42,37.1,0.005,0.196,0.201,0.199,7.64,3.73,3.9
DO-308,15.14,140.588,126.53,25.86,23.15,25.65,0.048,0.181,0.229,0.229,6.42,2.3,4.12
DO-309,16.31,191.476,172.33,33.56,30.83,33.47,0.035,0.179,0.213,0.212,7.69,3,4.69
DO-310,15.94,198.662,178.8,45.49,37.1,44.87,0.094,0.235,0.329,0.312,15.92,4.54,11.38
DO-311,14.94,187.265,168.54,54.14,40.95,47.48,0.243,0.248,0.49,0.405,29.03,5.46,23.57
DO-312,16.5,184.937,166.44,46.83,44.89,46.46,0.014,0.286,0.3,0.299,14.46,6.83,7.63
DO-313,16.03,266.868,240.18,51.06,34.06,49.68,0.304,0.141,0.445,0.441,61.86,7.73,54.13
DO-314,15.43,199.517,179.57,22.82,16.85,22.09,0.195,0.092,0.288,0.258,16.66,2.47,14.19
DO-315,15.68,287.151,258.44,30.26,15.91,30.2,0.3,0.076,0.376,0.373,28.46,0.68,27.78
DO-316,15.05,289.262,260.34,27.63,20.25,26.19,0.179,0.08,0.259,0.234,18.15,2.36,15.79
DO-317,14.43,207.768,186.99,25.62,17.03,25.09,0.237,0.09,0.326,0.318,20.37,0.75,19.62
DO-318,16.84,287.352,258.62,51.39,35.76,50.47,0.308,0.137,0.446,0.428,54.87,8.19,46.68
DO-319,15.86,256.718,231.05,51.58,27.52,50.06,0.268,0.117,0.385,0.367,48.34,4.94,43.4
DO-320,15.52,222.876,200.59,37.98,15.18,37.71,0.483,0.076,0.559,0.537,51.17,1.61,49.56
DO-321,16.34,223.233,200.91,30.34,22.12,23.73,0.404,0.108,0.512,0.228,38.51,3.62,34.89
DO-322,15.05,236.97,213.27,43.48,20.74,42.8,0.361,0.102,0.463,0.427,48.64,1.1,47.54
DO-323,15.18,187.957,169.16,33.47,22.86,28.47,0.393,0.137,0.53,0.344,44.57,4.49,40.08
DO-324,15.76,244.276,219.85,48.25,33.29,48.17,0.203,0.154,0.358,0.352,37.91,7.44,30.47
DO-325,16.34,235.145,211.63,37.62,18.63,29.49,0.554,0.087,0.641,0.379,58.28,2.39,55.89
DO-326,15.79,229.466,206.52,36.82,22.4,36.49,0.192,0.106,0.298,0.299,24.79,3.47,21.32
DO-327,15.57,234.749,211.27,33.09,19.41,30.96,0.381,0.092,0.472,0.4,40.11,2.43,37.68
DO-328,14.91,167.72,150.95,25.03,10.03,24.61,0.271,0.067,0.338,0.331,19.83,0.95,18.88
DO-329,14.55,199.729,179.76,40.44,22.68,40.08,0.196,0.13,0.326,0.318,28.94,4.39,24.54
DO-330,14.69,111.874,100.69,22.49,17.93,21.96,0.091,0.179,0.27,0.27,12.86,4.82,8.04
DO-331,14.86,188.369,169.53,32.58,19.44,32.11,0.323,0.114,0.438,0.388,33.6,3.16,30.44
DO-332,15.63,217.422,195.68,34.77,20.6,34.49,0.223,0.103,0.326,0.319,26.83,3.35,23.49
DO-333,14.93,194.378,174.94,27.83,15.7,21.96,0.625,0.091,0.716,0.298,48.55,1.96,46.59
DO-334,16.21,231.69,208.52,37.16,22.49,34.27,0.344,0.126,0.47,0.431,42.46,4.13,38.33
DO-335,14.38,146.89,132.2,16.79,16.35,14.74,0.06,0.123,0.183,0.127,6.99,2.99,4
DO-336,15.5,228.372,205.53,28.1,21.99,26.47,0.146,0.106,0.252,0.212,16.73,3.39,13.34
DO-337,15.16,162.327,146.09,31.11,29.51,30.99,0.011,0.172,0.182,0.182,10.84,6.99,3.86
DO-338,15.39,263.638,237.27,44.97,41.24,44.69,0.059,0.175,0.234,0.234,28.51,15.83,12.68
DO-339,14.74,220.975,198.88,29.83,19.72,29.76,0.214,0.097,0.311,0.31,40.22,6.36,33.86
DO-340,14.75,174.67,157.2,30.96,22.79,29.98,0.162,0.15,0.312,0.277,35.06,9.36,25.71
DO-341,15.24,206.354,185.72,48.41,40.89,33.39,0.445,0.245,0.69,0.341,155.28,32.92,122.36
DO-342,14.36,218.356,196.52,38.2,25.06,34.98,0.092,0.122,0.214,0.201,38.54,11.41,27.12
DO-343,14.96,269.352,242.42,39.95,31.93,38.07,0.087,0.152,0.238,0.224,41.03,18.29,22.75
DO-344,16.03,253.186,227.87,43.14,37.26,42.36,0.072,0.182,0.254,0.248,22.57,9.57,13
DO-345,15.66,245.309,220.78,44.53,23.74,44.25,0.136,0.104,0.24,0.239,39.22,5.18,34.04
DO-346,15.74,295.39,265.85,42.21,26.49,42.21,0.113,0.095,0.208,0.208,18.9,4.27,14.63
DO-347,15.85,281.098,252.99,38.65,34.34,38.58,0.066,0.141,0.207,0.205,25.53,5.25,20.28
DO-348,16.29,288.111,259.3,35.4,18.87,34.95,0.309,0.071,0.38,0.376,35.34,2.02,33.33
DO-349,17.34,283.796,255.42,44.96,23.58,44.7,0.273,0.091,0.364,0.363,39.69,3.25,36.45
DO-350,15.52,249.07,224.16,36.02,30.85,35.8,0.059,0.131,0.191,0.192,22.99,2.92,20.06
DO-351,15.88,304.045,273.64,24.47,20.7,24.14,0.046,0.076,0.121,0.12,6.71,2.36,4.34
DO-352,14.98,271.467,244.32,37.64,22.51,34.14,0.163,0.095,0.258,0.242,21.01,2.86,18.14
DO-353,15.29,201.654,181.49,33.73,28.31,33.29,0.108,0.199,0.308,0.299,22.05,7.14,14.92
DO-354,16.67,297.764,267.99,39.67,20.93,39.31,0.194,0.077,0.271,0.268,24.76,2.83,21.93
DO-355,14.37,212.083,190.87,33.72,22.85,33.47,0.123,0.12,0.243,0.24,19.29,4.74,14.55
DO-356,14.66,211.002,189.9,39.31,17.77,38.32,0.288,0.09,0.377,0.352,36.55,2.4,34.15
DO-357,14.99,258.375,232.54,31.18,20.42,31,0.25,0.089,0.339,0.337,25.34,2.92,22.42
DO-358,15.78,190.846,171.76,33.37,14.94,33,0.351,0.087,0.438,0.429,35.82,1.98,33.84
DO-359,16.16,282.484,254.24,47.09,21.83,43.45,0.404,0.085,0.489,0.393,60.08,2.65,57.44
DO-360,15.57,259.367,233.43,35.88,19.81,35.69,0.186,0.081,0.268,0.266,22.92,2.47,20.45
DO-361,13.53,156.56,140.9,22.19,20.46,21.82,0.019,0.201,0.22,0.219,8.85,5.14,3.71
DO-362,15.43,280.528,252.48,52.08,22.2,49.47,0.21,0.09,0.3,0.275,35.33,3.32,32.01
DO-363,15.4,311.042,279.94,46.57,39.45,43.24,0.114,0.142,0.256,0.228,26.84,7.5,19.35
DO-364,14.34,257.142,231.43,31.6,24.01,31.6,0.277,0.106,0.382,0.382,31.6,4.02,27.59
DO-365,15.6,244.976,220.48,43.74,18.78,43.32,0.316,0.081,0.397,0.397,38.15,2.4,35.75
DO-366,15.23,195.267,175.74,36.01,27.29,33.21,0.394,0.16,0.554,0.377,52.53,6.65,45.88
DO-367,15.38,236.421,212.78,42.93,33.95,42.07,0.085,0.155,0.24,0.233,22.2,7.79,14.41
DO-368,15.05,323.35,291.01,49.95,38.63,49.9,0.135,0.137,0.272,0.265,31.38,7.39,24
DO-369,15.85,337.719,303.95,43.26,27.57,42.66,0.144,0.089,0.233,0.231,23.78,3.8,19.98
DO-370,14.82,235.625,212.06,42.88,34.41,41.9,0.086,0.163,0.249,0.246,23.67,8.38,15.3
DO-371,13.61,200.521,180.47,30.63,17.15,29.46,0.231,0.221,0.452,0.443,26.67,3.85,22.81
DO-372,14.87,252.171,226.95,34.86,19.32,33.99,0.186,0.084,0.27,0.249,22.92,2.36,20.56
DO-373,15.84,203.568,183.21,25.66,20.99,20.07,0.276,0.115,0.391,0.207,23.34,3.68,19.67
DO-374,15.96,343.104,308.79,59.87,38.32,57.69,0.229,0.14,0.369,0.326,53.78,7.72,46.06
DO-375,14.99,244.607,220.15,45.21,33.76,40.93,0.269,0.149,0.419,0.336,47.6,7.76,39.83
DO-376,16,249.389,224.45,35.16,16.26,34.5,0.149,0.073,0.222,0.215,18.58,1.64,16.94
DO-377,15.89,256.217,230.6,36.76,18.28,36.17,0.363,0.077,0.44,0.437,37.24,2.25,34.99
DO-378,15.63,297.464,267.72,51.43,27.9,49.69,0.291,0.104,0.395,0.296,50.88,4.23,46.64
DO-379,15.44,250.397,225.36,35.37,29.34,33.87,0.221,0.129,0.35,0.283,32.86,5.85,27
DO-380,15.36,224.183,201.76,41.78,38.39,39.68,0.101,0.193,0.294,0.257,28.16,10.64,17.52
DO-381,15.87,265.692,239.12,53.44,29.98,49.11,0.387,0.123,0.51,0.369,70.65,5.57,65.08
DO-382,14.3,234.33,210.9,33.5,25.35,33.29,0.061,0.121,0.181,0.182,12.29,4.16,8.13
DO-383,15,238.057,214.25,41.85,28.72,41.38,0.089,0.136,0.225,0.222,20.03,6.05,13.98
DO-384,14.52,342.952,308.66,44.11,40.19,43.72,0.03,0.136,0.165,0.167,16.19,8.31,7.88
DO-385,14.46,254.029,228.63,45.65,25.07,45.24,0.242,0.111,0.353,0.352,37.41,4.21,33.21
DO-386,14.9,235.239,211.72,27.26,15.81,27.26,0.128,0.073,0.202,0.202,13.84,1.64,12.2
DO-387,15.83,264.607,238.15,28.75,20.95,28.11,0.103,0.087,0.189,0.186,12.71,2.7,10.01
DO-388,15.76,273.649,246.28,29.08,15.81,22.29,0.272,0.064,0.336,0.206,23.88,1.49,22.39
DO-389,14.65,263.637,237.27,33.99,19.15,33.76,0.206,0.078,0.284,0.284,22.96,2.2,20.76
DO-390,14.29,239.264,215.34,38.3,30.24,37.41,0.272,0.183,0.455,0.404,42,7.1,34.9
DO-391,15.67,219.313,197.38,28.31,22.6,27.99,0.391,0.114,0.505,0.502,39.12,3.78,35.33
DO-392,16.21,334.995,301.5,50.65,27.32,50.65,0.166,0.09,0.256,0.256,29.54,3.8,25.74
DO-393,15.6,256.689,231.02,25.41,20.93,25.24,0.025,0.09,0.115,0.115,5.91,2.79,3.12
DO-394,15.53,260.511,234.46,31.74,25.12,31.44,0.043,0.106,0.149,0.15,9.98,3.91,6.07
DO-395,15.43,242.503,218.25,38.75,34.71,38.6,0.037,0.234,0.271,0.27,20.65,11.08,9.57
DO-396,14.56,257.459,231.71,37.22,21.27,36.89,0.185,0.093,0.278,0.278,24.38,2.9,21.48
DO-397,16.67,281.902,253.71,54.1,26.42,54.07,0.21,0.103,0.313,0.303,39.56,4.36,35.2
DO-398,15.75,292.382,263.14,44.01,20.69,42.32,0.259,0.077,0.336,0.278,37.71,2.67,35.04
DO-399,15.38,268.759,241.88,35.68,14.44,34.63,0.257,0.059,0.317,0.196,29.63,1.22,28.41
DO-400,13.9,199.764,179.79,22.17,16.13,21.77,0.138,0.09,0.229,0.226,11.55,2.09,9.46
DO-401,15.84,288.608,259.75,47.81,32.01,43.65,0.264,0.123,0.387,0.288,44.28,5.62,38.66
DO-402,15.3,281.586,253.43,38.64,25.4,38.07,0.139,0.099,0.238,0.237,21.82,3.45,18.37
DO-403,14.41,237.969,214.17,33.31,20.56,33.09,0.202,0.097,0.299,0.296,23.9,2.86,21.04
DO-404,14.85,232.337,209.1,35.16,19.2,34.62,0.154,0.092,0.246,0.245,18.89,3.03,15.87
DO-405,14.82,264.077,237.67,31.74,24.78,31.36,0.205,0.104,0.309,0.31,26.89,3.88,23.01
DO-406,15.52,223.316,200.98,29.47,16.45,28.8,0.232,0.081,0.313,0.286,23.16,2.08,21.08
DO-407,15.74,240.053,216.05,24.66,23.38,23.91,0.116,0.107,0.223,0.214,13.78,4,9.78
DO-408,15.48,175.364,157.83,18.74,15.61,18.18,0.089,0.095,0.184,0.183,7.69,2.34,5.36
DO-409,15.69,226.484,203.84,33.36,23.43,32.98,0.283,0.114,0.397,0.396,32.06,4.05,28
DO-410,14.78,239.115,215.2,29.9,20.4,29.55,0.363,0.094,0.457,0.449,32.58,2.92,29.65
DO-411,14.51,203.33,183,42.01,26,42.01,0.086,0.141,0.227,0.227,19.07,5.68,13.38
DO-412,15.19,271.681,244.51,47.89,43.2,47.55,0.069,0.178,0.247,0.234,27.02,12.04,14.99
DO-413,14.3,170.146,153.13,22.23,,21.85,0,,0.172,0.17,6.57,6.57,0
DO-414,15.42,329.426,296.48,54.27,49.47,54.04,0.045,0.17,0.215,0.215,26.63,13.02,13.61
DO-415,15.5,277.659,249.89,33.39,32.95,33.19,0.002,0.174,0.176,0.174,10.82,7.7,3.12
DO-416,16.17,340.913,306.82,45.08,38.02,44.93,0.035,0.121,0.155,0.153,15.13,7.76,7.36
DO-417,14.51,212.574,191.32,31.73,28.86,31.3,0.054,0.152,0.206,0.197,14.53,6.55,7.97
DO-418,15.91,94.781,85.3,28.75,27.89,28.75,0.001,0.499,0.5,0.5,14.19,6.94,7.25
DO-419,15.04,92.544,83.29,34.61,24.32,32.82,0.24,0.295,0.535,0.508,19.86,3.67,16.19
DO-420,15.26,52.228,47,19.22,7.48,19.08,0.257,0.146,0.403,0.403,7.93,1.37,6.56
DO-421,15.06,47.918,43.13,17.68,12.42,11.77,0.53,0.286,0.816,0.636,14.9,2.03,12.88
DO-422,14.71,56.295,50.67,18.12,15.66,10.84,0.291,0.305,0.597,0.379,10.23,0.61,9.63
DO-423,15.51,73.737,66.36,18.08,14.8,16.02,0.298,0.223,0.521,0.401,11.01,1.82,9.19
DO-424,16.31,66.804,60.12,21.64,19.29,21.15,0.126,0.313,0.44,0.429,10.83,3.42,7.4
DO-425,15.74,50.685,45.62,14.56,9.89,13.18,0.219,0.211,0.43,0.41,6.85,1.16,5.7
DO-426,15.26,59.637,53.67,18.15,9.6,15.8,0.399,0.191,0.59,0.559,11.26,0.99,10.26
DO-427,15.13,73.645,66.28,21.33,17.34,20.02,0.138,0.27,0.408,0.384,9.33,2.47,6.86
DO-428,15.24,58.855,52.97,18.11,11.36,14.56,0.593,0.217,0.81,0.599,15.83,1.34,14.49
DO-429,17.12,107.383,96.64,41.6,39.33,40.97,0.133,0.44,0.573,0.527,26.13,8.96,17.17
DO-430,15.9,68.811,61.93,25.25,24.28,25.14,0.034,0.48,0.515,0.509,13.3,5.89,7.41
DO-431,15.43,61.267,55.14,15.99,12,15.46,0.166,0.212,0.378,0.377,6.74,1.45,5.29
DO-432,15.65,55.183,49.66,22.98,12.86,13.92,0.963,0.256,1.22,0.589,27.12,1.81,25.31
DO-433,13.82,67.364,60.63,16.61,14.93,15.95,0.092,0.246,0.338,0.313,6.19,2.01,4.18
DO-434,15.93,62.423,56.18,17.63,16.17,17.16,0.139,0.303,0.442,0.373,8.8,2.51,6.29
DO-435,15.22,59.03,53.13,17.47,15.56,12.19,0.204,0.293,0.497,0.375,8.66,2.32,6.34
DO-436,15.05,57.041,51.34,15.97,8.82,15.68,0.147,0.175,0.322,0.316,5.33,0.85,4.48
DO-437,16.18,65.681,59.11,27.69,20.79,27.14,0.131,0.359,0.49,0.487,13.95,4.05,9.91
DO-438,16.06,227.918,205.13,31.45,27.17,28.2,0.336,0.141,0.477,0.285,18.77,1.95,16.82
DO-439,15.95,145.16,130.64,24.12,19.31,20.68,0.294,0.152,0.446,0.301,12.49,1.6,10.89
DO-440,14.91,159.602,143.64,26.75,13.8,26.29,0.459,0.095,0.554,0.553,17.01,0.74,16.27
DO-441,16.09,167.908,151.12,36.78,16.72,33.55,0.399,0.116,0.515,0.516,19.4,1.02,18.37
DO-442,15.46,133.191,119.87,19.85,17.43,19.41,0.074,0.155,0.229,0.221,5.02,1.41,3.61
DO-443,15.38,112.231,101.01,35.07,14.8,34.45,0.491,0.138,0.63,0.616,24.02,1.16,22.86
DO-444,15.25,217.675,195.91,43.71,26.97,43.25,0.163,0.136,0.299,0.294,14.38,2,12.39
DO-445,14.55,163.409,147.07,24.99,16.68,24.46,0.131,0.117,0.247,0.232,7.05,1.06,6
DO-446,15.41,213.444,192.1,57.95,27.57,56.68,0.361,0.148,0.508,0.503,31.56,2.18,29.38
DO-447,15.73,287.225,258.5,48.65,46.71,48.2,0.022,0.221,0.243,0.233,11.93,4.81,7.12
DO-448,14.46,172.163,154.95,37.8,35.89,37.15,0.025,0.245,0.269,0.268,10.56,4.65,5.9
DO-449,15.54,165.808,149.23,28.61,20.24,28.18,0.163,0.141,0.304,0.298,9.73,1.52,8.21
DO-450,13.99,117.261,105.54,30.45,12.89,30.22,0.327,0.124,0.451,0.445,14.62,0.86,13.76
DO-451,14.71,126.839,114.15,34.66,27.02,31.61,0.291,0.242,0.533,0.401,21.53,3.55,17.98
DO-452,15.23,182.856,164.57,36.18,18.55,35.92,0.253,0.111,0.364,0.361,14.72,1.1,13.63
DO-453,16.14,166.368,149.73,26.47,,26.47,0,,0.174,0.174,4.51,4.51,0
DO-454,15.24,141.312,127.18,33.22,14.53,32.74,0.153,0.116,0.269,0.266,8.7,0.91,7.79
DO-455,15.59,165.504,148.95,40.58,18.77,40.58,0.2,0.168,0.368,0.368,15.61,1.59,14.01
DO-456,14.67,165.741,149.17,31.9,23.74,31.85,0.277,0.175,0.453,0.446,17.61,2.17,15.44
DO-457,15.49,137.274,123.55,35.05,13.66,22.27,0.265,0.11,0.375,0.271,11.18,0.81,10.37
DO-458,15.78,221.29,199.16,43.08,41.95,43.08,0.011,0.236,0.247,0.247,10.83,4.95,5.87
DO-459,15.27,240.526,216.47,43.29,39.59,40.25,0.177,0.225,0.402,0.31,19.71,4.23,15.49
DO-460,15.58,150.11,135.1,28.37,15.27,23.15,0.291,0.111,0.402,0.4,11.24,0.94,10.3
DO-461,15.15,197.256,177.53,45.31,44.26,43.62,0.02,0.299,0.319,0.311,14.6,6.55,8.05
DO-462,16.13,196.808,177.13,40.21,32.93,39.78,0.056,0.204,0.26,0.259,10.69,3.55,7.14
DO-463,15.06,160.057,144.05,23.81,19.96,23.4,0.058,0.146,0.204,0.195,5.24,1.53,3.7
DO-464,15.12,167.411,150.67,39.37,33.21,38.75,0.314,0.235,0.549,0.548,26.25,4.03,22.22
DO-465,15.47,153.335,138,28.77,,28.77,0,,0.208,0.208,5.9,5.9,0
DO-466,14.48,129.096,116.19,31.28,29.14,22.1,0.269,0.25,0.519,0.292,16.83,1.86,14.97
DO-467,16.76,183.057,164.75,24.58,19.52,24.37,0.132,0.116,0.248,0.245,7.2,1.2,5.99
DO-468,15.42,126.668,114,28.22,14.96,24.95,0.49,0.131,0.621,0.461,20.25,1.04,19.2
DO-469,14.56,127.583,114.82,25.6,23.35,24.82,0.031,0.209,0.24,0.233,6.34,2.58,3.77
DO-470,15.77,109.458,98.51,17.41,9.13,6.32,0.255,0.094,0.349,0.287,4.7,0.46,4.25
DO-471,16.33,143.184,128.87,36.23,35.51,36.23,0.012,0.277,0.289,0.289,10.82,5.03,5.79
DO-472,15.74,156.278,140.65,25.48,21.52,25.15,0.161,0.155,0.316,0.313,9.6,1.8,7.81
DO-473,15.68,273.775,246.4,55.8,42.62,55.45,0.137,0.204,0.34,0.337,20.51,4.28,16.23
DO-474,14.05,132.209,118.99,37.11,,36.64,0,,0.311,0.31,11.72,11.72,0
DO-475,16.05,206.521,185.87,43.12,36.87,43.12,0.07,0.214,0.284,0.284,13.08,4.1,8.99
DO-476,13.58,106.238,95.61,25.06,24.38,24.82,0.003,0.25,0.253,0.252,6.52,3.22,3.31
DO-477,14.58,154.489,139.04,34.97,33.94,34.38,0.134,0.298,0.432,0.338,17.09,4.91,12.18
DO-478,15.3,239.42,215.48,44.87,38.66,44.65,0.083,0.195,0.278,0.276,13.65,3.9,9.74
DO-479,15.45,210.408,189.37,36.75,35.73,36.31,0.011,0.222,0.233,0.228,8.5,3.89,4.62
DO-480,14.63,167.564,150.81,36.72,22.42,36.55,0.233,0.177,0.411,0.405,16.13,1.97,14.17
DO-481,14.62,170.133,153.12,23.1,19.32,22.39,0.109,0.133,0.241,0.235,6.46,1.36,5.1
DO-482,15.85,212.433,191.19,33.29,21.51,32.87,0.106,0.119,0.225,0.223,7.74,1.37,6.37
DO-483,14.51,82.4,74.16,27.05,11.17,20.3,0.451,0.146,0.597,0.383,16.64,0.92,15.73
DO-484,15.12,112.777,101.5,27.89,15.67,27.26,0.235,0.209,0.444,0.432,14.25,2.41,11.84
DO-485,15.01,131.76,118.58,36.93,20.93,36.58,0.173,0.181,0.354,0.351,13.64,1.83,11.81
DO-486,15.29,246.009,221.41,36.68,30.51,36.68,0.078,0.17,0.248,0.248,9.69,2.46,7.23
DO-487,13.72,156.853,141.17,21.99,19.93,21.66,0.041,0.146,0.187,0.186,4.43,1.54,2.89
DO-488,15.54,172.131,154.92,32.9,27.12,32.28,0.115,0.198,0.313,0.302,11.3,2.73,8.57
DO-489,15.01,189.812,170.83,35.95,25.33,35.95,0.135,0.16,0.296,0.296,11.68,2.11,9.57
DO-490,16.32,196.03,176.43,35.27,24.4,35.55,0.118,0.171,0.29,0.284,10.67,1.98,8.69
DO-491,15.33,233.074,209.77,29.12,27.98,28.15,0.031,0.155,0.186,0.178,5.64,2.19,3.45
DO-492,14.86,213.094,191.78,46.37,39.07,45.25,0.178,0.242,0.42,0.375,22.05,4.64,17.41
DO-493,16.62,237.541,213.79,48.32,39.33,42.88,0.127,0.21,0.337,0.331,17.03,4.18,12.85
DO-494,15.5,128.922,116.03,17.76,15.98,17.39,0.043,0.141,0.184,0.176,3.56,1.21,2.35
DO-495,15.95,249.86,224.87,42.94,32.21,42.94,0.061,0.164,0.224,0.224,9.69,2.61,7.08
DO-496,16.08,255.53,229.98,37.3,28.7,36.77,0.22,0.149,0.37,0.356,16.19,2.14,14.05
DO-497,16.44,183.228,164.91,34.91,33.53,34.64,0.024,0.222,0.246,0.245,8.96,3.91,5.05
DO-498,14.53,85.438,76.89,22.62,16.47,22.57,0.102,0.240,0.342,0.342,8.31,2.43,5.88
DO-499,15.23,136.523,122.87,30.01,24.82,28.79,0.294,0.210,0.503,0.503,18.37,2.81,15.57
DO-500,15.80,161.511,145.36,49.32,40.52,22.41,0.176,0.286,0.462,0.383,17.66,6.15,11.51
DO-501,15.75,177.189,159.47,29.57,27.66,29.40,0.020,0.186,0.206,0.198,6.31,2.66,3.65
DO-502,14.85,161.738,145.56,35.42,33.62,34.10,0.048,0.277,0.326,0.292,11.76,4.53,7.23
DO-503,15.88,100.998,90.90,29.70,,29.47,0.000,,0.258,0.256,7.36,7.36,0.00
DO-504,15.52,134.178,120.76,27.74,20.20,20.89,0.503,0.163,0.666,0.319,20.59,1.80,18.79
DO-505,15.38,194.053,174.65,31.31,29.13,29.96,0.024,0.187,0.211,0.201,6.67,2.74,3.92
DO-506,15.61,150.218,135.20,32.39,28.44,30.52,0.160,0.231,0.391,0.326,14.13,3.39,10.74
DO-507,15.74,188.061,169.25,43.99,29.05,43.33,0.378,0.175,0.553,0.535,29.27,2.76,26.51
DO-508,15.55,138.382,124.54,29.43,27.55,29.30,0.037,0.254,0.291,0.291,8.94,3.53,5.42
DO-509,14.20,196.356,176.72,40.43,37.29,39.83,0.038,0.245,0.283,0.279,11.64,4.48,7.16
DO-510,15.99,132.577,119.32,52.20,,51.66,0.000,,0.412,0.404,21.92,21.92,0.00
DO-511,14.84,185.575,167.02,37.83,30.62,37.42,0.092,0.211,0.304,0.303,12.12,3.20,8.92
DO-512,15.36,152.781,137.50,45.80,37.55,44.83,0.103,0.307,0.410,0.403,19.51,6.11,13.40
DO-513,15.41,177.076,159.37,36.39,30.36,33.01,0.210,0.217,0.428,0.319,17.52,3.30,14.21
DO-514,16.35,186.494,167.84,38.81,28.45,35.90,0.224,0.203,0.427,0.368,18.43,2.83,15.60
DO-515,14.49,146.739,132.07,43.45,39.38,43.28,0.083,0.306,0.390,0.391,18.49,6.73,11.77
DO-516,16.78,234.061,210.65,46.28,42.24,44.03,0.139,0.243,0.382,0.353,19.48,4.84,14.64
DO-517,15.35,157.928,142.14,31.81,25.38,31.47,0.097,0.249,0.346,0.347,11.14,2.96,8.18
DO-518,14.69,90.761,81.68,21.80,6.12,21.53,0.150,0.074,0.224,0.223,4.64,0.21,4.43
DO-519,15.32,130.762,117.69,33.52,17.66,19.70,0.185,0.153,0.339,0.293,9.40,1.47,7.93
DO-520,15.38,162.520,146.27,34.43,,34.43,0.000,,0.226,0.226,7.67,7.67,0.00
DO-521,15.34,206.428,185.79,47.74,45.88,31.53,0.064,0.298,0.361,0.324,15.04,6.66,8.38
DO-522,16.46,186.894,168.20,41.59,23.10,39.90,0.144,0.136,0.280,0.279,11.89,1.72,10.17
DO-523,16.79,204.634,184.17,34.56,27.64,33.69,0.092,0.177,0.269,0.268,9.92,2.40,7.52
DO-524,14.52,120.276,108.25,29.38,14.73,7.70,0.407,0.132,0.539,0.372,10.10,1.06,9.04
DO-525,14.98,199.938,179.94,43.12,41.12,42.32,0.023,0.253,0.276,0.266,12.19,5.16,7.03
DO-526,15.77,209.376,188.44,35.37,30.69,34.95,0.046,0.187,0.232,0.225,8.47,2.85,5.62
DO-527,14.58,200.227,180.20,27.50,,27.50,0.000,,0.200,0.200,5.06,5.06,0.00
DO-528,15.08,190.591,171.53,40.34,10.29,38.71,0.231,0.057,0.289,0.278,11.98,0.26,11.72
DO-529,15.07,182.192,163.97,33.94,17.52,33.23,0.442,0.106,0.548,0.509,21.84,1.00,20.84
DO-530,15.77,239.923,215.93,37.53,28.75,37.38,0.055,0.134,0.188,0.189,7.43,2.05,5.37
DO-531,15.87,135.370,121.83,35.75,13.29,24.15,0.406,0.102,0.507,0.361,17.30,0.76,16.54
DO-532,14.86,183.604,165.24,28.58,25.11,27.24,0.031,0.152,0.182,0.178,5.36,2.04,3.32
DO-533,14.11,116.336,104.70,30.16,10.20,26.22,0.644,0.095,0.739,0.538,26.05,0.53,25.52
DO-534,14.08,120.487,108.44,26.39,11.29,26.04,0.230,0.101,0.332,0.332,9.19,0.62,8.57
DO-535,15.23,169.875,152.89,27.00,14.85,21.13,0.272,0.094,0.366,0.252,10.14,0.78,9.36
DO-536,15.81,234.651,211.19,43.01,39.53,42.77,0.063,0.188,0.251,0.242,11.99,4.01,7.98
DO-537,14.67,194.740,175.27,37.44,31.55,36.71,0.093,0.182,0.274,0.272,11.36,2.84,8.52
DO-538,14.91,180.767,162.69,26.17,22.93,25.79,0.083,0.136,0.219,0.216,6.67,1.73,4.95
DO-539,15.50,185.339,166.81,25.59,18.02,25.20,0.135,0.104,0.239,0.239,7.08,1.03,6.05
DO-540,15.31,135.456,121.91,27.87,7.20,12.57,0.225,0.056,0.280,0.249,5.77,0.23,5.54
DO-541,14.69,180.916,162.82,38.04,13.95,37.61,0.326,0.083,0.409,0.394,17.36,0.62,16.74
DO-542,16.20,163.618,147.26,31.56,16.12,31.48,0.129,0.111,0.240,0.236,7.75,0.82,6.93
DO-543,15.74,232.947,209.65,44.01,43.43,43.43,0.001,0.209,0.208,0.208,9.54,4.91,4.63
DO-544,15.91,203.740,183.37,36.27,17.74,35.10,0.341,0.091,0.432,0.428,16.67,0.87,15.79
DO-545,15.98,125.267,112.74,40.06,37.13,37.44,0.048,0.327,0.374,0.349,15.51,6.66,8.85
DO-546,15.68,138.998,125.10,31.52,19.36,30.36,0.154,0.151,0.305,0.305,10.12,1.54,8.57
DO-547,15.99,249.670,224.70,39.72,35.45,39.72,0.035,0.163,0.199,0.199,8.26,3.03,5.23
DO-548,14.19,161.666,145.50,32.23,25.17,31.61,0.128,0.180,0.308,0.308,10.98,2.24,8.75
DO-549,14.93,127.346,114.61,26.39,10.61,22.65,0.284,0.091,0.375,0.360,11.89,0.47,11.42
DO-550,14.62,130.814,117.73,15.48,11.16,14.43,0.205,0.093,0.299,0.269,5.44,0.58,4.85
DO-551,14.65,94.884,85.40,12.09,7.25,11.94,0.127,0.078,0.205,0.204,2.74,0.39,2.36
DO-552,15.67,112.957,101.66,32.05,19.54,23.91,0.112,0.282,0.393,0.277,11.47,4.20,7.27
DO-553,15.82,156.039,140.44,43.55,43.08,43.07,0.005,0.313,0.318,0.311,14.32,7.19,7.13
DO-554,15.94,134.529,121.08,24.01,10.76,23.44,0.229,0.090,0.319,0.260,8.76,0.51,8.24
DO-555,15.40,169.140,152.23,36.88,18.37,36.59,0.125,0.118,0.243,0.242,9.18,1.19,8.00
DO-556,14.80,209.839,188.85,34.68,30.86,33.56,0.080,0.171,0.251,0.247,28.70,12.33,16.37
DO-557,14.93,147.989,133.19,21.59,20.65,19.75,0.010,0.153,0.163,0.151,3.60,1.60,1.99
DO-558,15.58,150.507,135.46,29.23,16.18,14.42,0.433,0.122,0.555,0.381,13.47,1.05,12.43
DO-559,14.88,220.453,198.41,36.71,21.29,36.71,0.104,0.108,0.212,0.212,8.00,1.11,6.88
DO-560,15.20,208.351,187.52,41.30,32.16,38.39,0.181,0.177,0.357,0.275,16.98,2.73,14.25
DO-561,16.85,215.216,193.69,21.71,15.11,21.71,0.069,0.087,0.156,0.156,3.76,0.77,2.99
DO-562,13.82,121.823,109.64,18.27,14.84,17.86,0.082,0.129,0.211,0.203,4.36,1.07,3.29
DO-563,15.07,191.544,172.39,40.59,22.86,40.24,0.157,0.128,0.285,0.285,12.51,1.63,10.88
DO-564,15.13,178.911,161.02,35.76,26.23,35.32,0.099,0.164,0.262,0.259,9.86,2.14,7.72
DO-565,16.15,157.563,141.81,27.79,18.73,14.57,0.162,0.131,0.293,0.181,6.34,1.32,5.01
DO-566,13.86,150.238,135.21,29.28,15.45,28.66,0.313,0.116,0.429,0.417,13.84,0.85,12.99
DO-567,15.07,124.933,112.44,20.39,13.51,20.07,0.316,0.120,0.436,0.430,10.51,0.85,9.66
DO-568,14.80,211.291,190.16,35.62,29.78,35.02,0.051,0.160,0.211,0.207,7.96,2.61,5.36
DO-569,16.62,206.742,186.07,21.50,12.11,15.18,0.163,0.065,0.228,0.134,4.73,0.46,4.27
DO-570,13.98,107.726,96.95,29.50,28.11,28.47,0.058,0.339,0.397,0.364,12.33,4.93,7.40
DO-571,14.38,231.602,208.44,40.12,33.34,39.03,0.099,0.170,0.269,0.267,12.01,2.99,9.02
DO-572,15.63,151.481,136.33,25.35,16.94,25.17,0.171,0.123,0.294,0.293,8.75,1.21,7.54
DO-573,15.18,162.243,146.11,39.91,38.10,39.91,0.034,0.295,0.329,0.329,13.44,5.68,7.75
DO-574,14.15,133.472,120.12,17.20,10.92,16.58,0.133,0.146,0.279,0.276,5.44,1.23,4.22
DO-575,14.92,155.511,139.96,27.93,19.52,18.04,0.276,0.130,0.406,0.272,11.30,1.42,9.88
DO-576,14.22,136.396,122.76,20.20,16.71,19.56,0.103,0.135,0.238,0.229,5.53,1.21,4.31
DO-577,14.87,278.649,250.78,41.92,41.47,41.13,0.001,0.188,0.189,0.181,7.98,3.89,4.09
DO-578,14.76,188.865,169.98,34.04,,34.04,0.000,,0.191,0.191,3.50,3.50,0.00