Sac date,Mouse ID,Coat Color,time sacrificed,Sex,DOB,Age at Sac (days),Body Weight,Nose-Anal Length,Glucose,RFP mg,GFP mg,BFP mg,FFP mg,Adiposity (RFP+GFP+FFP/BW),Comments,Soleus mg,Gastroc mg,FL,ML,AP,Generation
8/23/16,1,agouti,1:37,M,5/31/16,84,30,9.8,73,130.7,538.4,173.5,455,3.75,fasted in lab,14.9,154,16.39,1.46,1.25,G23
8/23/16,2,agouti,2:15,M,5/31/16,84,21.6,8.6,76,0,340,77.4,203.8,2.52,fasted in lab,9.6,102.2,14.73,1.34,1.16,G23
8/24/16,3,agouti,1:45,M,5/31/16,85,32.4,9.5,102,139.3,751.3,84.8,465.2,4.18,fasted in lab,4.7,159.99,16.12,1.83,1.33,G23
8/25/16,4,agouti,9:45,M,5/31/16,86,26,9.5,77,59.3,403.6,54.6,242.8,2.71,fasted in lab,10.3,123.2,15.89,1.65,1.23,G23
8/25/16,5,agouti,10.23,M,5/31/16,86,35.6,9.5,220,239.7,1911.8,243.9,1049.5,8.99,fasted in lab,9.3,181.7,15.23,1.89,1.33,G23
8/25/16,6,agouti,10.56,M,5/31/16,86,23.3,9.3,88,67.2,433.9,45.3,193,2.98,fasted in lab,5.4,97.6,15,1.55,1.25,G23
8/25/16,7,white,11:30,M,5/31/16,86,21.4,9.2,86,33.9,246,51,162.8,2.07,fasted in lab,5.5,98.1,15.22,1.63,1.25,G23
8/26/16,8,agouti,8:50,M,5/31/16,87,26.1,9.5,124,166.2,668.8,209.9,820.6,6.34,fasted in lab,4.3,147.8,14.98,1.41,1.23,G23
8/26/16,9,agouti,9:30,M,5/31/16,87,32.4,10,150,30,784.4,90.9,526,4.14,fasted in lab,7,142.2,16.12,1.81,1.41,G23
8/26/16,10,white,10:00,M,5/31/16,87,30.9,10.3,78,97.9,714.6,33.8,320.6,3.67,fasted in lab,6.7,162.1,15.94,1.65,1.23,G23
8/26/16,11,black,10:30,M,5/31/16,87,25.9,9.8,136,47,389.1,52.6,266.9,2.71,fasted in lab,5.4,109.2,15.49,1.49,1.18,G23
8/26/16,12,agouti,11:00,M,5/31/16,87,27.4,9.7,83,223.1,520,138.8,600.4,4.90,fasted in lab,5.7,107.3,15.14,1.56,1.2,G23
8/26/16,13,black,11:40,M,5/31/16,87,26.2,9.7,110,187.5,703.1,66.5,851.7,6.65,fasted in lab,4.8,92.5,14.34,1.42,1.11,G23
8/26/16,14,agouti,12:15,M,5/31/16,87,16.2,9.1,43,11.8,662,72,146.4,5.06,fasted in lab,10,81.2,14.18,1.33,1.07,G23
8/23/16,15,agouti,2:45,F,5/31/16,84,19.1,8.6,56,31.4,146.1,41,154.3,1.74,fasted in lab,5.9,106.8,14.52,1.45,1.15,G23
8/24/16,16,agouti,2:23,F,5/31/16,85,19.6,9,55,7.4,101.6,33.2,176,1.45,fasted in lab,3.8,101.7,15.42,1.36,1.19,G23
8/24/16,17,agouti,3:00,F,5/31/16,85,24.2,8.8,83,274.2,888.2,127.9,615.3,7.35,fasted in lab,5.1,75.8,15.19,1.68,1.36,G23
8/25/16,18,agouti,12:05,F,5/31/16,86,18.9,9.2,33,3.5,66.3,12,165.9,1.25,fasted in lab,3.4,74.3,15.26,1.64,1.23,G23
8/25/16,19,agouti,3:35,F,5/31/16,86,24.2,10.3,153,3.7,64.8,45.7,167.5,0.98,fasted in lab,5.9,106.7,16.34,1.64,1.27,G23
8/25/16,20,agouti,4:07,F,5/31/16,86,24.7,9.6,70,22.8,147.3,44.1,224,1.60,fasted in lab,7,116.4,15.84,1.53,1.25,G23
8/25/16,21,agouti,4:45,F,5/31/16,86,25.5,10.1,134,55.7,249.7,44.2,304,2.39,fasted in lab,2.9,107.6,16.56,1.77,1.4,G23
8/26/16,22,agouti,1:40,F,5/31/16,87,19.4,9.1,89,19,114.6,47.3,200.8,1.72,fasted in lab,3.8,94,14.21,1.56,1.27,G23
8/26/16,23,agouti,2:10,F,5/31/16,87,24.6,9.8,71,NA,119.9,64.7,231.8,1.43,fasted in lab,6.1,110.9,15.58,1.44,1.14,G23
8/26/16,24,agouti,2:48,F,5/31/16,87,24.2,10,148,39.5,116.1,48.8,175.6,1.37,fasted in lab,5.9,140.8,16.28,1.66,1.37,G23
8/26/16,25,agouti,3:22,F,5/31/16,87,20,9.3,53,30.2,188,44.7,236.4,2.27,fasted in lab,4.2,86.5,13.97,1.58,1.18,G23
8/26/16,26,white,4:00,F,5/31/16,87,24.7,9.9,61,24.5,169.4,57,223.5,1.69,fasted in lab,6.5,166.6,15.3,1.68,1.36,G23
8/26/16,27,white,4:30,F,5/31/16,87,21.3,9.2,63,31.2,245.5,65.1,353.6,2.96,fasted in lab,4.1,120.7,14.4,1.5,1.16,G23
8/26/16,28,black,5:30,F,5/31/16,87,23.9,10.1,65,8.9,131.9,53.4,115,1.07,fasted in lab,7.8,123.7,15.26,1.51,1.15,G23
8/29/16,29,agouti,10:25,M,5/31/16,90,28.7,9.8,98,112.7,471,89.9,376.4,3.35,"fasted in lab, arrived @ 8wks of age",4.5,137.5,15.45,1.9,1.41,G23
8/29/16,30,agouti,11:03,M,5/31/16,90,23.3,10.1,168,21.2,370.5,66.4,219.4,2.62,"fasted in lab, arrived @ 8wks of age",9.5,153.1,15.72,1.7,1.37,G23
8/29/16,31,black,11:45,M,5/31/16,90,30.3,10.6,201,72.07,753.3,81.3,395.7,4.03,"fasted in lab, arrived @ 8wks of age",6.5,158.5,16.33,1.73,1.38,G23
8/29/16,32,agouti,12:25,M,5/31/16,90,29.8,10.4,166,144.5,507.1,87.1,394.8,3.51,"fasted in lab, arrived @ 8wks of age",5,201.2,15.97,1.79,1.42,G23
8/29/16,33,agouti,1:00,M,5/31/16,90,28,10,121,78.8,470.3,94.8,375.6,3.30,"fasted in lab, arrived @ 8wks of age",5.1,174.4,15.5,1.81,1.45,G23
8/31/16,34,agouti,10:25,M,5/31/16,92,31.3,10.7,120,40.6,291.1,106.2,216,1.75,"fasted in lab, arrived @ 8wks of age",6,160.4,NA,NA,NA,G23
8/31/16,35,agouti,11:12,M,5/31/16,92,31.2,10.8,134,59.4,261.9,55.5,173.1,1.58,"fasted in lab, arrived @ 8wks of age",6.5,184.2,NA,NA,NA,G23
8/31/16,36,agouti,11:52,M,5/31/16,92,29,10,105,50.8,359.3,88.6,299.6,2.45,"fasted in lab, arrived @ 8wks of age",5.3,146.5,NA,NA,NA,G23
8/31/16,37,agouti,12:33,M,5/31/16,92,29.1,10.1,157,59,718.6,55.7,266.4,3.59,"fasted in lab, arrived @ 8wks of age",6,145.2,NA,NA,NA,G23
8/31/16,38,agouti,1:07,M,5/31/16,92,26,10.4,61,72.4,351.6,49.1,248.4,2.59,"fasted in lab, arrived @ 8wks of age",6.2,165.7,NA,NA,NA,G23
9/2/16,39,agouti,10:00,M,5/31/16,94,33.4,10.6,156,258.3,946.2,214,881.5,6.25,"fasted in lab, arrived @ 8wks of age",7.5,253,NA,NA,NA,G23
9/2/16,40,white,10:43,M,5/31/16,94,32.2,10.1,163,134.8,473.5,176,528.2,3.53,"fasted in lab, arrived @ 8wks of age",7.3,167.8,NA,NA,NA,G23
9/2/16,41,agouti,11:17,M,5/31/16,94,42.2,11.1,213,312.21,187.2,202.6,903.6,3.32,"fasted in lab, arrived @ 8wks of age",7,199.2,NA,NA,NA,G23
9/2/16,42,agouti,12:04,M,5/31/16,94,28.3,10.2,126,75.6,395.3,103.9,280.8,2.66,"fasted in lab, arrived @ 8wks of age",5.1,168.1,NA,NA,NA,G23
8/29/16,43,white,2:25,F,5/31/16,90,20.9,9.6,140,53.5,392.6,83.3,308,3.61,"fasted in lab, arrived @ 8wks of age",4.6,106.4,14.83,1.59,1.27,G23
8/29/16,44,agouti,3:00,F,5/31/16,90,23.5,10,127,11.2,47,36,194.8,1.08,"fasted in lab, arrived @ 8wks of age",6.2,139.7,16.18,1.76,1.31,G23
8/29/16,45,agouti,3:40,F,5/31/16,90,27.6,10.2,110,56.4,549.7,75.9,372.6,3.55,"fasted in lab, arrived @ 8wks of age",8.6,152.5,16.01,1.76,1.26,G23
8/29/16,46,agouti,4:26,F,5/31/16,90,20.3,9.4,114,44.2,332.1,35.9,301,3.34,"fasted in lab, arrived @ 8wks of age",8.7,113.8,14.45,1.56,1.13,G23
8/31/16,47,agouti,2:30,F,5/31/16,92,20.9,9.5,149,45.5,150.5,39.1,236.3,2.07,"fasted in lab, arrived @ 8wks of age",6.8,119.2,NA,NA,NA,G23
8/31/16,48,agouti,3:00,F,5/31/16,92,19.9,9.4,118,68.9,282.5,46.6,346.9,3.51,"fasted in lab, arrived @ 8wks of age",6.1,110.6,NA,NA,NA,G23
8/31/16,49,agouti,3:30,F,5/31/16,92,25.6,10,98,49.7,772.4,48,315.9,4.45,"fasted in lab, arrived @ 8wks of age",8.4,150.6,NA,NA,NA,G23
8/31/16,50,agouti,4:00,F,5/31/16,92,22,9.5,131,44.6,539.9,54.3,512.5,4.99,"fasted in lab, arrived @ 8wks of age",4.9,121,NA,NA,NA,G23
8/31/16,51,agouti,4:45,F,5/31/16,92,22.1,9.9,159,11.3,103.5,64.6,108.5,1.01,"fasted in lab, arrived @ 8wks of age",5,87.7,NA,NA,NA,G23
9/2/16,52,white,12:43,F,5/31/16,94,26.3,10.1,71,53.3,373.7,78.1,257.7,2.60,"fasted in lab, arrived @ 8wks of age",5.5,129.8,NA,NA,NA,G23
9/2/16,53,black,1:30,F,5/31/16,94,32.3,10.4,141,101,1244.2,132.1,1003.8,7.27,"fasted in lab, arrived @ 8wks of age",1.4,133.3,NA,NA,NA,G23
9/2/16,54,agouti,2:15,F,5/31/16,94,29.8,10.1,118,67.9,535.1,123.6,505.6,3.72,"fasted in lab, arrived @ 8wks of age",5.5,149.9,NA,NA,NA,G23
9/2/16,55,agouti,3:00,F,5/31/16,94,25.5,9.9,166,70.2,649.3,60.9,545.1,4.96,"fasted in lab, arrived @ 8wks of age",7,125.8,NA,NA,NA,G23
9/2/16,56,agouti,4:45,F,5/31/16,94,35.5,10.6,149,279.8,2190.9,119.6,1125.2,10.13,"fasted in lab, arrived @ 8wks of age",9.2,159.6,NA,NA,NA,G23
12/5/16,57,agouti,10:01,M,9/20/16,76,24.8,9.6,120,111.2,451.6,105.9,625.1,4.79,fasted in lab,4.5,127,15.22,1.45,1.22,G24
12/5/16,58,white,10:35,M,9/20/16,76,29.5,9.8,142,229.5,925.2,193.7,633.3,6.06,fasted in lab-froze late,4.1,170.7,14.99,1.44,1.2,G24
12/5/16,59,agouti,11:10,M,9/20/16,76,27.2,9.8,141,60,274.9,56.7,226.9,2.07,fasted in lab-decapitated,6.5,170.3,15.08,1.55,1.13,G24
12/5/16,60,agouti,11.46,M,9/20/16,76,30.1,10.4,111,200.4,1116.2,104.1,712.5,6.74,fasted in lab,7.9,188.4,15.61,1.65,1.16,G24
12/6/16,61,agouti,10:01,M,9/20/16,77,25.9,9.8,125,70,439.6,40.1,364.2,3.37,fasted in lab-decapitated,6.3,150.2,15.18,1.56,1.18,G24
12/6/16,62,agouti,10:33,M,9/20/16,77,29,10.1,119,116.8,1004.9,120.7,424.8,5.33,fasted in lab-decapitated,5.2,133.2,14.9,1.6,1.25,G24
12/6/16,63,cinnamon,11:05,M,9/20/16,77,21.3,NA,172,50.9,325,61,194.6,2.68,fasted in lab-decapitated,4.7,162.7,14.17,1.43,1.19,G24
12/6/16,64,agouti,11:43,M,9/20/16,77,15.9,9.5,51,20.3,119.5,64.5,252.5,2.47,"fasted in lab, see weight records for weight loss",2.7,109.1,14.18,1.55,1.3,G24
12/8/16,65,agouti,9:46,M,9/20/16,79,27.3,10,138,174.9,624.5,70.4,610.9,5.17,NA,4.9,195.7,15.84,1.52,1.26,G24
12/8/16,66,agouti,10:19,M,9/20/16,79,28.1,10.2,97,116.9,459.1,138,470.9,3.73,NA,4.6,168.5,15.8,1.7,1.17,G24
12/8/16,67,agouti,10:49,M,9/20/16,79,21.7,9.7,69,77,380.9,52.1,355.5,3.75,NA,5.1,117.6,14.67,1.71,1.26,G24
12/8/16,68,agouti,11:20,M,9/20/16,79,41.5,10.9,151,339.1,1933.7,203.5,830.9,7.48,NA,10.7,180.4,16.01,1.43,1.96,G24
12/9/16,69,agouti,10:14,M,9/20/16,80,27.5,10.1,146,91.7,350.1,63.6,298.6,2.69,NA,6.5,148.4,15.64,2.18,1.33,G24
12/9/16,70,agouti,10:44,M,9/20/16,80,24.9,10.8,85,46.1,237.1,50.3,182.7,1.87,NA,5.5,104.4,15.58,1.48,1.14,G24
12/9/16,71,agouti,11:10,M,9/20/16,80,26.5,9.9,127,119.4,649,59.4,275.3,3.94,NA,4.2,132.2,15.17,1.42,1.17,G24
12/9/16,72,agouti,11:48,M,9/20/16,80,30,10.3,132,112,511.5,73.5,312.7,3.12,NA,5.3,137.2,15.32,1.55,1.29,G24
12/5/16,73,agouti,1:05,F,9/20/16,76,24,10,207,83.7,302.9,50.4,414.4,3.34,fasted in lab-decapitated,3.2,141.4,15.69,1.34,1.23,G24
12/5/16,74,agouti,1:35,F,9/20/16,76,21.9,10.1,168,9.1,119.2,67.6,175.1,1.39,fasted in lab,6.4,145.1,15.72,1.62,1.36,G24
12/5/16,75,agouti,2:12,F,9/20/16,76,23.8,10,181,59.2,160.7,100.7,335,2.33,fasted in lab-decapitated,3.8,130.7,16.09,1.53,1.19,G24
12/5/16,76,agouti,2:46,F,9/20/16,76,28.8,9.8,198,135,1209.8,72.7,731.7,7.21,fasted in lab,5.4,145.5,15.71,1.38,1.25,G24
12/6/16,77,white,1:22,F,9/20/16,77,18.9,9.1,104,25.7,55.2,47.2,166.6,1.31,fasted in lab,4.3,143.3,15.42,1.46,1.25,G24
12/6/16,78,agouti,1:54,F,9/20/16,77,22.8,10,147,41.1,175,54.1,213.3,1.88,fasted in lab-decapitated,2.5,137.8,16.12,1.64,1.23,G24
12/6/16,79,agouti,2:28,F,9/20/16,77,21.1,NA,108,44.7,103.6,36.8,209.5,1.70,fasted in lab-no brain,5.1,130.5,15.49,1.64,1.28,G24
12/6/16,80,agouti,3:02,F,9/20/16,77,25.9,10,136,43.8,791.7,58.3,295.7,4.37,NA,5.8,136.6,15.84,1.59,1.29,G24
12/8/16,81,agouti,12:41,F,9/20/16,79,21.9,9.7,106,23.7,185,48.6,213.7,1.93,NA,5.4,142.2,15.07,1.74,1.22,G24
12/8/16,82,agouti,1:16,F,9/20/16,79,24.7,10.1,100,62.7,425.4,54.4,251.8,3.00,NA,4.7,129.9,15.2,1.61,1.18,G24
12/8/16,83,agouti,1:51,F,9/20/16,79,20.3,9.9,82,14.2,133.2,52.5,134,1.39,NA,5.5,103.7,15.78,1.47,1.31,G24
12/8/16,84,white,2:26,F,9/20/16,79,24.8,9.8,71,72.3,388.9,45.1,242.5,2.84,NA,4.2,110.2,15.09,1.37,1.24,G24
12/9/16,85,white,1:24,F,9/20/16,80,19.8,9.6,91,16,109.8,37.6,124.1,1.26,NA,5.1,115.8,14.57,1.49,1.26,G24
12/9/16,86,agouti,2,F,9/20/16,80,23,9.5,104,127.8,687.9,81.1,594.3,6.13,NA,4.6,109.8,14.64,1.52,1.26,G24
12/9/16,87,agouti,2:32,F,9/20/16,80,21.7,9.7,112,56.4,319.6,77.3,282,3.03,NA,4.8,119.4,14.96,1.22,1.22,G24
12/9/16,88,agouti,3:05,F,9/20/16,80,23.6,9.9,110,78.2,565.6,52.6,403.9,4.44,NA,8.9,100.1,15.11,1.41,1.3,G24
12/12/16,89,black,10:16,M,9/20/16,83,33.6,10.9,152,106.5,818.7,178.1,680.7,4.78,arrived @ 7wks of age,7.3,179.3,16.02,1.71,1.26,G24
12/12/16,90,agouti,10:50,M,9/20/16,83,26.6,10,125,137.7,475.6,89.6,431.2,3.93,arrived @ 7wks of age,3.2,142.2,15.54,1.66,1.2,G24
12/12/16,91,agouti,11:26,M,9/20/16,83,27,10,141,75.2,335.7,69.6,316.7,2.69,"broken l tibia, arrived @ 7wks of age",4,139.8,14.86,1.54,1.21,G24
12/12/16,92,agouti,12.06,M,9/20/16,83,32.9,10.6,128,30.6,304.4,66.4,210.1,1.66,arrived @ 7wks of age,7.5,155.4,15.44,1.95,1.22,G24
12/13/16,93,agouti,9:54,M,9/20/16,84,25.6,9.9,158,65.6,410,108.5,223.6,2.73,arrived @ 7wks of age,3.7,123.6,15.49,1.58,1.27,G24
12/13/16,94,agouti,10:25,M,9/20/16,84,33.9,10.8,151,174.4,743.9,97,480.6,4.13,arrived @ 7wks of age,7.4,155.3,16.64,1.91,1.36,G24
12/13/16,95,agouti,11:00,M,9/20/16,84,29.5,9.9,127,213.4,1142.9,99.6,665.5,6.85,"R Femur broken, arrived @ 7wks of age",5,125.5,NA,NA,NA,G24
12/13/16,96,white,11:35,M,9/20/16,84,28.2,NA,124,102,628.2,98.8,372,3.91,"decapitated, arrived @ 7wks of age",5.8,156.1,15.66,1.54,1.23,G24
12/15/16,97,agouti,9:57,M,9/20/16,86,25.5,9.9,142,95.3,393.4,113.3,299.1,3.09,arrived @ 7wks of age,5.3,130.8,14.48,1.41,1.1,G24
12/15/16,98,agouti,10:28,M,9/20/16,86,30.3,10.4,128,108.7,375.2,108.7,423.5,2.99,arrived @ 7wks of age,5,150.6,15.41,1.72,1.36,G24
12/15/16,99,agouti,11:00,M,9/20/16,86,28.9,10.4,215,179.4,820.1,110.2,569,5.43,"decapitated, arrived @ 7wks of age",4.3,122.7,15.83,1.76,1.43,G24
12/15/16,100,white,11:32,M,9/20/16,86,26.9,10.2,110,49,389.7,60.5,293.1,2.72,arrived @ 7wks of age,7,114.8,15.92,1.8,1.46,G24
12/16/16,101,agouti,9:47,M,9/20/16,87,31.1,10.4,175,86.8,472,101.2,352.3,2.93,arrived @ 7wks of age,8.4,152.1,15.87,1.81,1.31,G24
12/16/16,102,agouti,10:15,M,9/20/16,87,30.5,10.3,107,36.5,232.2,40.9,191.6,1.51,arrived @ 7wks of age,6.8,160.6,16.6,1.67,1.25,G24
12/16/16,103,agouti,10:51,M,9/20/16,87,30.8,10.5,129,76.7,480.5,58.1,318.3,2.84,arrived @ 7wks of age,7.3,186,15.5,1.8,1.31,G24
12/16/16,104,black,11:22,M,9/20/16,87,22.8,9.9,101,55.6,357.4,85.5,229.3,2.82,"thoracic discs contain only 1 disc, arrived @ 7wks of age",4.4,134,14.84,1.51,1.2,G24
12/12/16,105,agouti,1:21,F,9/20/16,83,17.7,9.5,85,6.5,54.1,33.9,109.9,0.96,arrived @ 7wks of age,2.1,95,15.06,1.38,1.21,G24
12/12/16,106,agouti,1:55,F,9/20/16,83,21.6,9.6,106,25.8,132,44.7,270.8,1.98,arrived @ 7wks of age,4.6,130.9,15.33,1.61,1.32,G24
12/12/16,107,agouti,2:25,F,9/20/16,83,16.9,9.5,108,5.2,64.3,44,132.4,1.19,arrived @ 7wks of age,6.6,90.7,14.98,1.46,1.33,G24
12/12/16,108,agouti,2:53,F,9/20/16,83,21.1,9.4,109,14.8,65.1,44.8,145.5,1.07,arrived @ 7wks of age,3.5,128.7,14.82,1.37,1.23,G24
12/13/16,109,agouti,1:05,F,9/20/16,84,23.1,9.8,103,107.7,574.3,91.1,473.5,5.00,arrived @ 7wks of age,4,104.1,15.17,1.5,1.18,G24
12/13/16,110,agouti,1:41,F,9/20/16,84,23.8,10.8,98,39.8,303.6,63.4,253.5,2.51,arrived @ 7wks of age,6.7,153,16.02,1.68,1.38,G24
12/13/16,111,agouti,2:10,F,9/20/16,84,17.2,9.4,103,7.9,94.8,40.8,116,1.27,"decapitated, arrived @ 7wks of age",2.5,111.1,14.16,1.3,1.17,G24
12/13/16,112,agouti,2:40,F,9/20/16,84,22.1,9.7,108,24.6,220.1,55.1,204.7,2.03,arrived @ 7wks of age,3.6,120.9,14.74,1.32,1.16,G24
12/15/16,113,agouti,1:18,F,9/20/16,86,28.3,9.9,79,173.3,1210.7,79.8,694.3,7.34,arrived @ 7wks of age,2.4,114.3,15.64,1.53,1.23,G24
12/15/16,114,black,1:45,F,9/20/16,86,20.8,9.8,120,12.5,104.3,29.9,152.6,1.30,arrived @ 7wks of age,7.7,103.4,15.22,1.5,1.14,G24
12/15/16,115,agouti,2:14,F,9/20/16,86,21,9.9,46,13.3,77.3,50.4,137.3,1.09,arrived @ 7wks of age,6.8,99.5,16.28,1.46,1.22,G24
12/15/16,116,agouti,2:45,F,9/20/16,86,23.2,9.9,42,36.5,270.5,41.1,199.7,2.18,arrived @ 7wks of age,5.2,120.1,15.74,1.81,1.32,G24
12/16/16,117,agouti,11:54,F,9/20/16,87,20.1,9.8,47,19.1,173.5,46.8,249.3,2.20,arrived @ 7wks of age,5.4,128.3,15.05,1.55,1.28,G24
12/16/16,118,agouti,1:14,F,9/20/16,87,23.8,9.7,79,62.9,328.4,64.3,249.3,2.69,"1 thoracic disc only, arrived @ 7wks of age",5.4,128.3,15.72,1.64,1.2,G24
12/16/16,119,agouti,1:46,F,9/20/16,87,22.1,10.2,72,21.6,135.5,39,136.6,1.33,"decapitated, arrived @ 7wks of age",6.3,110.3,15.46,1.73,1.33,G24
12/16/16,120,agouti,2:17,F,9/20/16,87,26.2,10.1,105,36.2,463.4,59.6,333.9,3.18,arrived @ 7wks of age,3.5,126.9,15.9,1.63,1.3,G24
3/16/17,121,agouti,11:25,M,12/27/16,79,26.4,10.6,110,110.9,403.6,68.2,348.6,3.27,"sac'd late -see histomorphometry, fighting separated",6.9,157.5,16.04,1.75,1.37,G25
3/16/17,122,black,11:58,M,12/27/16,79,29.4,10.4,122,229.4,564.3,133.1,473.8,4.31,"sac'd late -see histomorphometry, fighting separated",2,138,15.62,1.76,1.22,G25
3/16/17,123,white,12:24,M,12/27/16,79,29,10.7,111,109.5,470,62.1,173,2.59,"sac'd late -see histomorphometry, fighting separated",7.3,169.7,16.52,1.62,1.24,G25
3/16/17,124,agouti,12:53,M,12/27/16,79,30.2,10.4,119,72.9,323.7,49.3,139.8,1.78,NA,5.8,143.6,15.9,1.88,1.3,G25
3/16/17,125,agouti,1:15,M,12/27/16,79,28.1,10.2,162,166.1,551.6,52.4,405.6,4.00,decapitated,6.8,122.2,16.02,1.74,1.39,G25
3/17/17,126,agouti,10:27,M,12/27/16,80,30.4,10.3,97,148.6,714.3,48.4,503.9,4.50,NA,3,181,16.09,1.54,1.44,G25
3/17/17,127,agouti,10:53,M,12/27/16,80,31.3,10.4,131,79.4,419.6,69.5,159.2,2.10,decapitated,4.8,177.6,15.97,1.87,1.53,G25
3/17/17,128,black,11:25,M,12/27/16,80,33,10.5,122,173.6,821.6,177.1,652.9,4.99,NA,5.7,152.2,15.45,1.72,1.43,G25
3/21/17,129,agouti,11:51,M,12/27/16,84,31,10.6,102,171.1,879.7,67.7,550.2,5.16,NA,5.6,166.6,16.04,1.78,1.43,G25
NA,130,agouti,NA,M,12/27/16,NA,NA,NA,NA,NA,NA,NA,NA,NA,fd,NA,NA,NA,NA,NA,G25
NA,131,black,NA,M,12/27/16,NA,NA,NA,NA,NA,NA,NA,NA,NA,"fd, fighting separated",NA,NA,NA,NA,NA,G25
3/23/17,132,agouti,11:19,M,12/27/16,86,28,10.3,113,40.8,259.1,77.7,225.6,1.88,"only 1 thoracic disc, fighting separated",4.3,141.3,14.76,1.55,1.25,G25
3/23/17,133,agouti,11:45,M,12/27/16,86,25,10.4,147,82.8,271,55.8,276.4,2.52,"lost L tibia, fighting separated",5.9,144.8,15.63,1.56,1.23,G25
3/24/17,134,agouti,10:44,M,12/27/16,87,27.6,11,109,21.8,190.9,67.3,115.4,1.19,fighting separated,6.9,167.3,15.61,1.59,1.15,G25
3/24/17,135,white,11:20,M,12/27/16,87,26.3,9.9,90,101.2,533.9,152.1,340.9,3.71,fighting separated,5,163.7,15.46,1.75,1.22,G25
3/24/17,136,white,11:56,M,12/27/16,87,29.1,10.2,122,54.2,279.6,97.3,234.2,1.95,fighting separated,3.7,169.9,15.91,1.64,1.3,G25
3/17/17,137,agouti,11:52,F,12/27/16,80,18.6,9.4,70,30.2,240.7,41.2,194.7,2.50,sac'd late -see histomorphometry- spleen 3x normal size,3,83.5,14.33,1.33,1.15,G25
3/17/17,138,black,12:20,F,12/27/16,80,20.9,9.9,89,29,184.1,68.1,282.8,2.37,sac'd late -see histomorphometry,5.3,114.2,15.02,1.48,1.22,G25
3/16/17,139,white,14:31,F,12/27/16,79,20.4,9.5,85,23.4,209.6,47.7,114.2,1.70,NA,3.7,113.9,14.54,1.54,1.16,G25
3/16/17,140,agouti,14:56,F,12/27/16,79,24.2,9.9,138,53.8,212.3,62.4,226,2.03,NA,4,149.3,15.56,1.73,1.19,G25
3/16/17,141,agouti,3:25,F,12/27/16,79,23.5,10,121,65.3,NA,61.3,349.7,NA,NA,4.8,116.4,15.82,1.67,1.35,G25
3/17/17,142,agouti,12:47,F,12/27/16,80,21.9,10,87,23.8,220.8,36.5,181.5,1.95,NA,6.2,114.4,14.41,1.65,1.27,G25
3/17/17,143,agouti,13:11,F,12/27/16,80,21,9.8,128,3.9,63.1,27.4,68.1,0.64,decapitated,4,117,15.38,1.36,1.03,G25
NA,144,black,NA,F,12/27/16,NA,NA,NA,NA,NA,NA,NA,NA,NA,f.d. 2/2/17,NA,NA,NA,NA,NA,G25
3/21/17,145,white,12:23,F,12/27/16,84,20.3,9.5,75,9.1,72.5,30.9,79.4,0.79,femur broke so L femur to biomechanics and right to RNA,3,85.4,15.22,1.45,1.2,G25
3/21/17,146,agouti,12:47,F,12/27/16,84,20.3,9.5,85,12.5,NA,44,97.2,NA,forgot RFP,5.5,118.5,15.05,1.49,1.19,G25
3/21/17,147,agouti,13:14,F,12/27/16,84,20.8,9.6,104,17.7,128,43.8,159,1.46,NA,4.1,109.3,14.81,1.45,1.23,G25
3/23/17,148,agouti,12:22,F,12/27/16,86,23.4,9.8,117,81.3,309,69,170.5,2.40,NA,5,111.1,15.24,1.42,1.22,G25
3/23/17,149,agouti,13:00,F,12/27/16,86,21.6,10.1,62,7.2,78.1,59.4,59.4,0.67,NA,3.8,109.6,16.22,1.57,1.22,G25
3/24/17,150,agouti,12:40,F,12/27/16,87,21.7,9.7,47,12.2,88.9,47,98.1,0.92,NA,3.9,102.4,14.56,1.51,1.15,G25
3/24/17,151,black,13:09,F,12/27/16,87,23,10,77,42.9,244,40.2,201.9,2.13,NA,4.9,124.7,15.19,1.59,1.25,G25
3/24/17,152,white,13:34,F,12/27/16,87,22.4,10.1,78,7,76.2,26.6,112.6,0.87,NA,5.4,129.8,15.16,1.57,1.26,G25
4/4/17,153,agouti,11:28,M,1/17/17,77,31.9,11,112,52.9,307.9,55.6,213.5,1.80,NA,6.6,135.3,16.45,1.92,1.54,G25
4/4/17,154,agouti,12:02,M,1/17/17,77,31.5,10.6,145,38.3,250.3,87.2,187.4,1.51,NA,4.7,160.6,16.3,1.91,1.43,G25
4/6/17,155,agouti,11:50,M,1/17/17,79,29.3,10.5,110,79.4,413,64.1,354.8,2.89,NA,5.2,181.9,16.5,1.68,1.28,G25
4/6/17,156,agouti,12:23,M,1/17/17,79,27.1,10.3,106,44.1,246.4,58,202,1.82,NA,7.4,137.6,15.43,1.78,1.4,G25
4/6/17,157,agouti,12:50,M,1/17/17,79,23.3,10,56,10,101.2,32.7,100,0.91,NA,4.7,111.7,14.59,1.57,1.19,G25
4/7/17,158,agouti,10:30,M,1/17/17,80,28.7,10.4,236/225,131.2,546,106.7,407,3.78,2nd glucose reading at 225,6.2,168.4,15.03,1.49,1.26,G25
4/7/17,159,agouti,11:02,M,1/17/17,80,27.8,10.4,140,53.5,393.3,89.3,171.8,2.23,NA,6.1,142.1,15.01,1.6,1.32,G25
4/7/17,160,agouti,11:34,M,1/17/17,80,26,10.3,89,46.9,206.9,54.1,138.9,1.51,NA,6.1,130,15.71,1.44,1.14,G25
4/11/17,161,black,14:49,M,1/17/17,84,26.8,10.3,96,20,290.2,40.6,129.2,1.64,NA,5.9,123.7,14.8,1.8,1.46,G25
4/11/17,162,white,15:31,M,1/17/17,84,28.3,10.3,56,1.9,29.2,46,43.9,0.27,black stools,4.7,143.7,15.84,1.7,1.3,G25
4/11/17,163,agouti,16:15,M,1/17/17,84,30.4,10.3,120,275.1,837.4,78.5,808.8,6.32,NA,5.9,121.6,15.39,1.78,1.32,G25
4/13/17,164,black,13:42,M,1/17/17,86,36.4,11,178,267.01,1390.4,141.2,799.2,6.75,NA,6.2,183.3,16.54,1.7,1.47,G25
4/13/17,165,white,14:15,M,1/17/17,86,32,10.2,143,368,1192.8,114.6,828.6,7.47,skin extremely tough,5.8,175.9,15.36,1.61,1.41,G25
4/14/17,166,agouti,10:13,M,1/17/17,87,26.3,10.2,124,128,535.7,105.8,440.9,4.20,"FL, ML, AP measured by Larry, fighting separated",7.2,138.3,15.11,1.68,1.22,G25
4/14/17,167,agouti,10:45,M,1/17/17,87,28.2,10.2,90,187.4,484.2,79.8,446,3.96,"r tibia broken; FL, ML, AP measured by Larry, fighting separated",4.2,156.9,15.44,1.44,1.21,G25
4/14/17,168,white,11:12,M,1/17/17,87,27.1,10,83,57.2,293.1,70.3,338.4,2.54,"FL, ML, AP measured by Larry, fighting separated",4.6,152.1,14.99,1.62,1.22,G25
4/4/17,169,agouti,12:35,F,1/17/17,77,24.2,10.4,97,6.9,96.8,54.9,132.7,0.98,NA,4.5,131.8,15.45,1.6,1.07,G25
4/4/17,170,agouti,1:04,F,1/17/17,77,25.3,10.1,36,32.8,164.9,41.8,174.5,1.47,NA,5,117,15.19,1.36,1.17,G25
4/4/17,171,agouti,1:36,F,1/17/17,77,22.6,10.4,90,54.9,386.3,42.2,161.7,2.67,decapitated,6.7,147.3,16.53,1.75,1.43,G25
4/6/17,172,agouti,1:22,F,1/17/17,79,19.9,9.9,50,5.2,46.3,42.3,129,0.91,NA,4.5,102.4,14.46,1.43,1.1,G25
4/6/17,173,white,1:50,F,1/17/17,79,19.3,9.7,100,6.6,64.9,37.1,92.5,0.85,NA,7.8,93,14.44,1.37,1.11,G25
4/7/17,174,agouti,12:07,F,1/17/17,80,17.4,9.3,31,25,124.3,38,118.4,1.54,"bones very yellow, large thymus",3.7,92.8,13.28,1.71,1.23,G25
4/7/17,175,agouti,12:43,F,1/17/17,80,25.6,9.6,56,102.6,626.3,75.2,491.4,4.77,NA,5.2,127.4,14.85,1.46,1.08,G25
4/7/17,176,agouti,1:20,F,1/17/17,80,19.5,9.5,44,37.7,251.5,38.9,252.7,2.78,NA,3.9,109.4,14.33,1.6,1.04,G25
4/11/17,177,white,16:48,F,1/17/17,84,21,9.5,61,19.4,119.4,33,163.7,1.44,NA,5,95.4,15.07,1.57,1.23,G25
4/11/17,178,white,17:16,F,1/17/17,84,18,9.3,64,0,17.6,37.8,74.6,0.51,NA,3.7,103.4,15.14,1.4,1.18,G25
4/13/17,179,agouti,14:46,F,1/17/17,86,26.7,10.3,87,98.5,234,55.2,376.7,2.66,NA,5.8,162,15.51,1.6,1.3,G25
4/13/17,180,agouti,15:27,F,1/17/17,86,21.1,9.8,92,37,165.4,19.6,134.4,1.60,enlarged necrotic spleen,4.8,116.7,14.73,1.38,1.02,G25
4/13/17,181,black,15:57,F,1/17/17,86,26.1,10.4,64,19.1,105,43.9,193,1.21,NA,2.7,155.4,15.7,1.85,1.26,G25
4/14/17,182,agouti,11:39,F,1/17/17,87,26.5,10.3,52,49.1,262,44.6,210.4,1.97,"FL, ML, AP measured by Larry",6.6,134,15.83,1.73,1.48,G25
4/14/17,183,agouti,12:40,F,1/17/17,87,33,10.8,66,81.8,1189,73.2,389.6,5.03,"FL, ML, AP measured by Larry",7.1,159.3,16.74,1.71,1.4,G25
4/14/17,184,black,13:10,F,1/17/17,87,25.3,9.5,48,28.1,256.7,34.3,240.5,2.08,"FL, ML, AP measured by Larry",6.6,139.8,15.41,1.52,1.18,G25
6/19/17,185,white,10:45,M,3/21/17,90,24.7,10.1,104,41.4,269.6,70.8,182.2,2.00,only 1 thoracic disc,5.9,158.3,14.8,1.37,1.08,G26
6/19/17,186,agouti,11:20,M,3/21/17,90,27.5,10.3,152,233.2,838,136.4,540.6,5.86,NA,5.8,138.5,15.13,1.49,1.28,G26
6/19/17,187,agouti,11:53,M,3/21/17,90,26.9,10.4,162,186.5,758.9,126,350.5,4.82,NA,3.1,122.5,15.65,1.51,1.35,G26
6/19/17,188,agouti,12.23,M,3/21/17,90,31.8,10.4,147,222.2,694.1,132.7,533.7,4.56,NA,8.1,180.4,15.6,1.4,1.3,G26
6/20/17,189,white,10:53,M,3/21/17,91,30.4,10.4,92,92.2,474.5,56.2,202.8,2.53,NA,5.3,165.1,15.72,1.55,1.25,G26
6/20/17,190,white,11:24,M,3/21/17,91,29.4,10.2,85,185.1,909.9,76.1,620.5,5.84,NA,6.6,176.5,15.37,1.88,1.36,G26
6/20/17,191,white,11:55,M,3/21/17,91,31,10.6,149,84.6,344,101.9,269.5,2.25,broke R tibia,6.2,214,15.4,1.72,1.21,G26
6/20/17,192,white,12:25,M,3/21/17,91,34,10.2,100,177,957.1,164,916.6,6.03,very thick skin; oily insides,7.7,145.8,14.58,1.54,1.3,G26
6/21/17,193,agouti,10:46,M,3/21/17,92,22,9.7,92,53,382,54.1,284.9,3.27,NA,4.3,129.8,14.82,1.56,1.25,G26
6/21/17,194,white,11:14,M,3/21/17,92,28.1,10,127,108,517.6,75.8,377.9,3.57,fight wounds during shipping,6,191.3,15.17,1.58,1.21,G26
6/21/17,195,agouti,11:45,M,3/21/17,92,31.9,10.6,113,139.8,749.5,63.5,437.3,4.16,NA,5.5,155.5,16.33,1.74,1.25,G26
6/21/17,196,agouti,12:18,M,3/21/17,92,32,10,101,96.6,393.2,85.2,371.6,2.69,NA,5.5,137.1,15.27,1.45,1.26,G26
6/22/17,197,agouti,10:41,M,3/21/17,93,30.7,10.6,148,93.2,485.2,84.8,341.9,3.00,NA,4.1,166.7,15.59,1.78,1.2,G26
6/22/17,198,agouti,11:09,M,3/21/17,93,27.7,10.2,94,192.5,809.6,85.4,508.4,5.45,NA,5.3,151.3,14.57,1.62,1,G26
6/22/17,199,black,11:35,M,3/21/17,93,31.8,10.5,123,127.9,552.6,115.3,382.6,3.34,NA,6.4,169.2,16.3,1.68,1.31,G26
6/22/17,200,agouti,12:08,M,3/21/17,93,24.2,10.1,76,134.9,458.2,81.7,415.8,4.17,NA,3.7,149.3,15.08,1.53,1.16,G26
6/19/17,201,agouti,13:15,F,3/21/17,90,18.7,9.3,61,8.5,38.3,41.21,72.1,0.64,NA,4.1,84.6,15.3,1.31,1.09,G26
6/19/17,202,agouti,13:57,F,3/21/17,90,19,9.2,48,87.2,490.4,35.2,423.2,5.27,NA,4.8,128.8,14.29,1.38,1.15,G26
6/20/17,203,agouti,13:22,F,3/21/17,91,22.2,9.9,53,25.6,118.4,35.7,175.4,1.44,NA,4.7,125.2,15.27,1.43,1.19,G26
6/19/17,204,agouti,14:17,F,3/21/17,90,34.2,11,80,114.2,1095.6,79.3,387.6,4.67,decapitated,8.4,206.8,16.72,1.51,1.39,G26
6/19/17,205,agouti,14:49,F,3/21/17,90,19.2,9.3,67,28.8,141,35.6,136.1,1.59,broke R tibia,3.8,102.5,14.4,1.16,1.38,G26
6/20/17,206,agouti,13:50,F,3/21/17,91,28.3,10.1,138,93.7,767.7,61.5,484,4.75,decapitated,5.7,127.5,15.45,1.52,1.25,G26
6/20/17,207,agouti,14:17,F,3/21/17,91,21,9.4,52,4.8,87.7,36.3,100.7,0.92,NA,3.4,116.9,14.46,1.45,1.27,G26
6/20/17,208,agouti,14:45,F,3/21/17,91,22.4,9.4,79,15,60.7,36.2,157.9,1.04,decapitated,5.6,122.4,15.35,1.55,1.2,G26
6/21/17,209,white,13:03,F,3/21/17,92,19.4,9.7,123,42,59.5,41.6,113.9,1.11,NA,3.3,101.7,14.77,1.5,1.16,G26
6/21/17,210,black,13:32,F,3/21/17,92,28.9,10.6,65,31.7,364.9,47.7,261.4,2.28,NA,7.3,139,15.92,1.52,1.3,G26
6/21/17,211,agouti,13:58,F,3/21/17,92,24.2,9.8,38,109.9,572.7,69.9,399,4.47,NA,5.8,121.8,15.09,1.57,1.29,G26
6/21/17,212,white,14:24,F,3/21/17,92,18.9,9.6,59,0,0,22.9,51,0.27,black stools/digestive track,4,90.6,14.82,1.44,1.1,G26
6/22/17,213,black,13:00,F,3/21/17,93,16.9,10,46,0,0,30.3,48.5,0.29,black stools/digestive track-decapiated,5,102.2,15.41,1.66,1.37,G26
6/22/17,214,white,13:28,F,3/21/17,93,21.3,9.7,62,24.8,149.7,37.5,183.3,1.68,NA,3.4,120.4,15.08,1.55,1.16,G26
6/22/17,215,white,13:56,F,3/21/17,93,22.9,9.7,107,48.2,396.9,76.4,341.1,3.43,NA,4.2,125.5,15.39,1.53,1.05,G26
6/22/17,216,agouti,14:28,F,3/21/17,93,32,10.4,124,167.5,1373.3,75,746.8,7.15,NA,6,150.4,16.23,1.74,1.4,G26
7/10/17,217,white,10:15,M,4/11/17,90,30.2,10.4,151,100.3,495,133.1,418.6,3.36,NA,4.6,150.3,15.83,1.78,1.44,G26
7/10/17,218,agouti,10:45,M,4/11/17,90,27.5,10.3,127,106.8,364.7,63.1,307.8,2.83,NA,6.3,155.6,15.88,1.45,1.3,G26
7/10/17,219,agouti,11:14,M,4/11/17,90,28.6,10.3,102,140.8,405.7,87.2,348.5,3.13,R tibia broken,4.8,167.6,14.92,1.78,1.18,G26
7/12/17,220,agouti,10:40,M,4/11/17,92,25.5,10,129,78.1,395.4,71.3,272.4,2.93,NA,4.6,139.7,14.68,1.51,1.13,G26
7/10/17,221,agouti,11:42,M,4/11/17,90,33.2,10.3,101,229.3,934.2,89.8,512.5,5.05,NA,6.7,151.3,16.43,1.73,1.35,G26
7/11/17,222,agouti,11:08,M,4/11/17,91,22.3,9.8,62,0,0,31.1,43,0.19,NA,4.5,127.5,14.86,1.65,1.26,G26
7/11/17,223,agouti,11:38,M,4/11/17,91,30.1,10.3,66,126,723,74.6,333.1,3.93,NA,7.4,172.8,15.5,1.5,1.27,G26
7/11/17,224,agouti,12:03,M,4/11/17,91,25.3,10,99,43,249,62,235.4,2.08,NA,5.1,137.7,15.72,1.65,1.3,G26
7/11/17,225,agouti,12:30,M,4/11/17,91,23.2,9.8,110,30.2,132,40.2,147.7,1.34,NA,4.1,127.4,15.01,1.44,1.08,G26
7/12/17,226,black,11:09,M,4/11/17,92,29.5,10.3,144,89.1,352.4,125.2,297.1,2.50,NA,5.2,167.6,16.17,1.61,1.2,G26
7/12/17,227,agouti,11:41,M,4/11/17,92,26.4,10.5,96,58.9,166.2,50.9,160.3,1.46,NA,2,148.3,16.12,1.7,1.27,G26
7/12/17,228,agouti,12:08,M,4/11/17,92,20.6,9.4,119,64.7,258.4,55.2,256.3,2.81,"l femur broken, see weight records for weight loss",3.9,99.2,NA,NA,NA,G26
7/13/17,229,agouti,11:02,M,4/11/17,93,24.4,9.7,135,92.1,312.8,89.9,349.4,3.09,NA,4,135.9,14.42,1.55,1.2,G26
7/13/17,230,white,11:25,M,4/11/17,93,29.1,10.4,103,58.8,251.2,43.2,181.9,1.69,L tibia broken,6,150.7,15.99,1.7,1.2,G26
7/13/17,231,agouti,11:52,M,4/11/17,93,22.7,9.4,74,65.8,358.3,58.1,269,3.05,NA,5.5,118,14.85,1.52,1.16,G26
7/13/17,232,agouti,12:23,M,4/11/17,93,29.3,10.1,148,175.9,1040.5,76.7,503.3,5.87,NA,6.5,150.3,16,1.8,1.3,G26
7/10/17,233,agouti,12:14,F,4/11/17,90,27.4,10,80,18.3,166.6,40.7,165,1.28,NA,5.3,128.2,14.74,1.52,1.24,G26
7/10/17,234,agouti,13:12,F,4/11/17,90,23.2,10.3,50,146.3,679.7,111.2,557.5,5.96,NA,4.8,126.6,15.2,1.61,1.18,G26
7/10/17,235,agouti,13:40,F,4/11/17,90,24.1,9.9,62,28.6,110.6,35.4,188.4,1.36,NA,5.4,133.6,15.2,1.55,1.19,G26
7/10/17,236,agouti,14:05,F,4/11/17,90,22.2,9.4,40,73.2,257.8,48.6,279.4,2.75,NA,4,134.2,15.38,1.54,1.17,G26
7/11/17,237,white,13:23,F,4/11/17,91,18.6,9.2,59,19.2,104.2,44.7,111.6,1.26,NA,3.2,117,14.13,1.5,1.75,G26
7/11/17,238,agouti,13:51,F,4/11/17,91,22.4,9.9,53,7.7,72.1,35.5,102,0.81,NA,3.7,103.4,15.46,1.6,1.19,G26
7/11/17,239,agouti,14:19,F,4/11/17,91,21.1,9.8,59,0,30.7,36.9,54.3,0.40,NA,4.6,96.7,15.15,1.5,1.16,G26
7/11/17,240,black,14:51,F,4/11/17,91,23.6,9.7,76,30.5,111.5,45,174.1,1.34,NA,5.2,133.7,15.17,1.43,1.32,G26
7/12/17,241,agouti,13:10,F,4/11/17,92,20.9,9.3,148,73.6,675.2,66.7,378.4,5.39,L tibia broken,5.3,106.5,14.38,1.38,1.08,G26
7/12/17,242,agouti,13:38,F,4/11/17,92,21.5,9.7,66,74.3,447.3,68,337.3,3.99,NA,5.3,106.5,15.66,1.43,1.2,G26
7/12/17,243,white,14:14,F,4/11/17,92,22.8,9.9,125,38,194.4,71.9,176.3,1.79,NA,4.8,125.2,15.66,1.58,1.3,G26
7/12/17,244,agouti,14:35,F,4/11/17,92,23.3,9.7,81,17.4,61.4,47.4,156,1.01,NA,4.4,111.5,15.22,1.57,1.2,G26
7/13/17,245,agouti,13:46,F,4/11/17,93,23.3,10.6,83,20.2,258.4,58.4,226.2,2.17,NA,4.8,124.8,16.11,1.65,1.3,G26
7/13/17,246,agouti,14:15,F,4/11/17,93,23.2,9.9,83,55.2,454.5,69.7,350.9,3.71,NA,5.6,124.8,15.7,1.55,1.2,G26
7/13/17,247,white,14:42,F,4/11/17,93,27.6,10,93,115.9,805.1,89.3,427.5,4.89,NA,7,129.9,15.68,1.51,1.3,G26
7/13/17,248,white,15:11,F,4/11/17,93,23.7,9.7,73,73.3,205.9,49.3,269.1,2.31,NA,4.5,140.8,15.83,1.6,1.28,G26
9/19/17,249,agouti,10:12,M,6/27/17,84,31.7,10.6,112,46,262.2,97.3,273.2,1.83,NA,7.1,191.6,15.6,1.89,1.42,G27
9/19/17,250,white,10:39,M,6/27/17,84,30.3,10.7,77,130.7,542.1,77.4,330.6,3.31,NA,7.4,165.5,16.37,1.55,1.22,G27
9/19/17,251,white,11:07,M,6/27/17,84,27.4,10,86,152.8,639.7,84.5,520.3,4.79,broke both tibias,5.3,132,14.91,1.65,1.05,G27
9/19/17,252,agouti,13:45,M,6/27/17,84,26.8,10.1,47,130.9,406.7,73.5,395.5,3.48,see weight records for weight loss,6.3,102.1,15.11,1.61,1.25,G27
9/20/17,253,agouti,10:22,M,6/27/17,85,25.8,10.3,101,79.9,252.2,66.2,294.1,2.43,NA,4.9,153.5,15.83,1.51,1.26,G27
9/20/17,254,white,10:47,M,6/27/17,85,27.9,10.2,145,47.8,179.2,56.1,224.1,1.62,both tibias have callouses-currently healing-switched bones for analysis due to breakage,4.6,130.8,15.2,1.5,1.21,G27
9/20/17,255,white,11:37,M,6/27/17,85,27.9,10.2,74,36.2,214.2,41.6,142.6,1.41,NA,4.3,143,15.69,2.02,1.47,G27
9/20/17,256,agouti,12:10,M,6/27/17,85,30.1,10.3,125,18.9,249.6,59.5,99.3,1.22,decapitated-glucose measured prior to decap,6.8,158.8,16.09,1.87,1.31,G27
9/21/17,257,white,10:52,M,6/27/17,86,29.6,10.3,157,232.9,953.2,106.4,430.1,5.46,NA,4.1,140.3,14.59,1.56,1.14,G27
9/21/17,258,agouti,11:20,M,6/27/17,86,23.7,10.1,70,48,245.5,76,273.2,2.39,NA,4.8,115.2,14.65,1.57,1.23,G27
9/21/17,259,agouti,11:52,M,6/27/17,86,32.2,10.3,142,230.5,979.5,140.8,849,6.39,NA,6.7,150.1,15.78,1.61,1.21,G27
9/21/17,260,white,12:20,M,6/27/17,86,25,NA,96,45.6,353,56.7,197.4,2.38,NA,3.9,140.5,14.72,1.56,1.26,G27
9/22/17,261,agouti,10:30,M,6/27/17,87,32.7,10.2,130,88.6,256.4,95.6,348.7,2.12,NA,3.7,155,16.15,1.74,1.2,G27
9/22/17,262,agouti,11,M,6/27/17,87,25.8,10,106,84.9,347.7,81.6,227,2.56,NA,3.5,147.9,14.51,1.72,1.29,G27
9/22/17,263,white,11:31,M,6/27/17,87,26.2,9.8,113,79.1,374.4,74.1,240.6,2.65,NA,6,149,15.04,1.55,1.18,G27
9/22/17,264,agouti,12,M,6/27/17,87,24.3,9.7,101,61.7,305.9,60.5,243.7,2.52,NA,3.9,121.2,14.4,1.55,1.2,G27
9/19/17,265,agouti,14:10,F,6/27/17,84,28.7,10.3,73,123.4,935.5,88.3,630.6,5.89,scar on back-over barbered?,4.3,138.3,16.25,1.74,1.39,G27
9/19/17,266,agouti,14:35,F,6/27/17,84,24.8,10.2,81,27.5,202.6,42.6,192.6,1.70,decapitated,4.8,135.8,15.98,1.5,1.35,G27
9/19/17,267,agouti,15:01,F,6/27/17,84,24,9.8,46,3.1,21.3,43.4,89,0.47,NA,4.9,102.5,15.4,1.51,1.23,G27
9/19/17,268,white,15:27,F,6/27/17,84,25.4,10.1,"33,31",23.3,196.8,58.4,242.5,1.82,black GI tract but not bones,4.6,13,15.91,1.61,1.27,G27
9/20/17,269,agouti,13:25,F,6/27/17,85,27.6,10.3,102,52.7,205.6,56.3,185.7,1.61,NA,5.4,137.2,15.99,1.45,1.26,G27
9/20/17,270,agouti,13:54,F,6/27/17,85,22.1,10,97,22.9,185.9,36.8,110.1,1.44,NA,5.1,124.2,15.49,1.4,1.17,G27
9/20/17,271,white,14:24,F,6/27/17,85,24.9,10,79,23.9,226.1,40.2,165.5,1.67,NA,5.1,150.6,15.5,1.54,1.26,G27
9/20/17,272,white,14:49,F,6/27/17,85,25,10.2,63,63.9,339.2,65.9,308,2.84,NA,5.2,146.1,15.78,1.53,1.21,G27
9/21/17,273,agouti,13:34,F,6/27/17,86,24.5,10.4,75,3.5,84.2,48,173.9,1.07,NA,6.7,136.3,14.4,1.61,1.35,G27
9/21/17,274,agouti,14:05,F,6/27/17,86,26.1,10.1,122,150.8,703,73.3,411.9,4.85,NA,4.4,145.4,15.39,1.64,1.26,G27
9/21/17,275,agouti,14:33,F,6/27/17,86,22.5,10.2,103,50.6,242.5,54.2,246.4,2.40,NA,5.4,144,15.09,1.7,1.28,G27
9/21/17,276,agouti,15:08,F,6/27/17,86,25.5,10.4,57,37.8,187.1,59.9,242.6,1.83,NA,4.3,99.7,15.88,1.55,1.28,G27
9/22/17,277,agouti,13:32,F,6/27/17,87,21.5,9.8,41,40,334.7,39.8,207.6,2.71,NA,4.2,114.8,15.46,1.57,1.26,G27
9/22/17,278,agouti,14:06,F,6/27/17,87,24.6,10,77,101.3,451.9,47.9,380,3.79,NA,4.2,98.3,15,1.61,1.19,G27
9/22/17,279,agouti,14:40,F,6/27/17,87,23.5,10.1,51,23.8,177,61,183.2,1.63,NA,4.9,112.6,14.92,1.69,1.27,G27
9/22/17,280,agouti,15:20,F,6/27/17,87,23.9,10.1,52,9.6,82.9,52.1,85.3,0.74,NA,5.9,115.6,16.26,1.71,1.42,G27
10/10/17,281,agouti,10:26,M,7/18/17,84,40.6,10.9,146,360.7,2095.5,221.8,775.2,7.96,right fat pads used for RNA as opposed to left,5.2,167.3,16.46,1.7,1.33,G27
10/10/17,282,agouti,11,M,7/18/17,84,35.1,10.7,130,90.4,359.7,98.3,312.1,2.17,right fat pads used for RNA as opposed to left,4.9,171.1,14.47,1.75,1.3,G27
10/10/17,283,agouti,11:29,M,7/18/17,84,33.2,10.3,185,106.7,319,94.1,434.5,2.59,"broke left tibia, right fat pads used for RNA as opposed to left",5.5,206.5,16.15,1.68,1.37,G27
10/10/17,284,white,12,M,7/18/17,84,26.3,9.9,101,137.5,1038.6,141.6,453.4,6.20,right fat pads used for RNA as opposed to left,3.8,119.7,14.9,1.53,1.28,G27
10/11/17,285,white,10:33,M,7/18/17,85,NA,9.9,111,209.5,580.9,41.5,564.5,#VALUE!,only 1 brown fat lobe,4.8,127.9,15.49,1.57,1.33,G27
10/11/17,286,white,11:05,M,7/18/17,85,37.7,10.6,92,173.1,614.1,127.3,416.2,3.19,NA,6.8,167.6,16.18,2.2,1.65,G27
10/11/17,287,black,11:37,M,7/18/17,85,30.1,10.2,84,229.5,859.2,122.1,545,5.43,NA,4.8,153.9,15.66,1.44,1.2,G27
10/11/17,288,agouti,12:11,M,7/18/17,85,25.7,9.8,114,57.2,271.4,89.4,207.7,2.09,NA,4.1,106.4,14.76,1.56,1.12,G27
10/12/17,289,white,10:49,M,7/18/17,86,32,10.2,111,255,1015.3,130,590.9,5.82,NA,6.2,157,15.95,1.51,1.23,G27
10/12/17,290,agouti,11:24,M,7/18/17,86,31.8,10.6,129,225.6,762.2,81.4,325.8,4.13,NA,4.9,124,15.25,1.5,1.19,G27
10/12/17,291,agouti,12:05,M,7/18/17,86,22.4,9.6,77,34.5,186.5,42.1,162.4,1.71,broke left tibia,2.7,120.2,15.9,1.7,1.27,G27
10/12/17,292,agouti,12:35,M,7/18/17,86,32,10.6,124,155,539.1,183.1,593.7,4.02,NA,4.8,140.7,14.65,1.53,NA,G27
10/13/17,293,agouti,10:57,M,7/18/17,87,24.3,9.9,73,47.8,199.5,58.1,209.6,1.88,NA,3.4,127.4,14.65,1.43,1.19,G27
10/13/17,294,agouti,11:25,M,7/18/17,87,20.2,9.3,88,94.4,236,76.2,274.4,2.99,NA,3.7,109.6,14.06,1.46,1.21,G27
10/13/17,295,black,11:51,M,7/18/17,87,25.4,10.2,88,45.3,273.3,44.2,162.9,1.90,NA,3.4,143.2,15.72,1.47,1.15,G27
10/13/17,296,agouti,12:17,M,7/18/17,87,25.7,9.9,137,127.8,622.3,115.2,333.7,4.22,NA,4.2,155.6,15.64,1.47,1.18,G27
10/10/17,297,agouti,13:19,F,7/18/17,84,24.5,9.8,75,63.9,545.2,98,266.4,3.57,right fat pads used for RNA as opposed to left,5.1,119.7,15.34,1.61,1.22,G27
10/10/17,298,agouti,13:48,F,7/18/17,84,28.4,10,77,135.4,990.3,78.4,560.4,5.94,NA,4.8,139.4,16.28,1.68,1.37,G27
10/10/17,299,agouti/white blaze,14:20,F,7/18/17,84,22.4,9.7,107,32.6,215.1,52.7,169.9,1.86,NA,3.8,122,15.55,1.6,1.27,G27
10/10/17,300,black,14:53,F,7/18/17,84,31.5,10,115,160,877.1,126.1,810.4,5.87,NA,4.8,162.4,16.04,1.67,1.31,G27
10/11/17,301,agouti,13:28,F,7/18/17,85,21.8,9.7,81,32,178.3,41.1,202.8,1.89,NA,6.8,124.4,15.2,1.44,1.16,G27
10/11/17,302,agouti,13:53,F,7/18/17,85,20.1,9.7,72,16.4,96.6,37.2,172.1,1.42,NA,4.2,102.5,15.14,1.52,1.16,G27
10/11/17,303,agouti,14:20,F,7/18/17,85,25.5,10,74,69.6,380,57.8,255.2,2.76,NA,4.8,129.3,15.77,1.41,1.22,G27
10/11/17,304,agouti,14:46,F,7/18/17,85,20.6,9.3,63,16.7,127.1,40.7,162.7,1.49,NA,5.1,139,14.9,1.4,1.16,G27
10/12/17,305,agouti,13:15,F,7/18/17,86,24.3,10.1,148,21.8,113.7,54.4,179,1.29,NA,5.6,154.1,16.06,1.66,1.28,G27
10/12/17,306,agouti,14:47,F,7/18/17,86,27.6,10.4,97,63.6,384.9,79.3,230.1,2.46,NA,10.8,144.7,15.46,1.49,1.39,G27
10/12/17,307,agouti,15:14,F,7/18/17,86,29.2,10.1,99,57.3,242.2,65.9,285.4,2.00,NA,5.3,145.1,15.7,1.65,1.31,G27
10/12/17,308,white,15:41,F,7/18/17,86,21.3,9.6,100,12,48.4,50.7,126.2,0.88,NA,2.8,127,15.19,1.42,1.29,G27
10/13/17,309,agouti,12:45,F,7/18/17,87,26.7,10.1,90,81.9,328,40.8,311.7,2.70,NA,5.6,154.3,16.46,1.8,1.34,G27
10/13/17,310,agouti,13:16,F,7/18/17,87,23.4,9.9,73,23,159.2,42.5,180.1,1.55,NA,3.8,134.6,16.05,1.6,1.25,G27
10/13/17,311,black,14:45,F,7/18/17,87,21.1,9.4,45,16.1,91,46.9,101.3,0.99,only 1 thoracic disc,4.9,113.3,15.04,1.7,1.22,G27
10/13/17,312,white,15:16,F,7/18/17,87,27.3,10.3,59,61.4,413,51.3,372.2,3.10,NA,1.9,145.9,16.51,1.53,1.22,G27
12/11/17,313,agouti,10:22,M,9/19/17,83,40.8,10.5,200,260.4,1003.9,184.2,702.1,4.82,"right tibia broken, not fasted ON",7,220.9,16.12,1.7,1.4,G28
12/11/17,314,white,11:03,M,9/19/17,83,31.8,10.2,124,300,1387.1,233.2,703.7,7.52,not fasted ON,5,156.8,15.48,1.47,1.24,G28
12/11/17,315,agouti,11:32,M,9/19/17,83,27.1,10.2,118,107,592.1,103.1,263.6,3.55,not fasted ON,5.4,149.5,15.74,1.54,1.22,G28
12/11/17,316,agouti,12:00,M,9/19/17,83,35,10.2,98,250.3,1341.3,192.4,1494.4,8.82,not fasted ON,2.3,126.9,15.17,1.48,1.19,G28
12/12/17,317,agouti,10:16,M,9/19/17,84,26.4,9.6,164,70.1,468.8,102.1,353.6,3.38,NA,5,115,14.56,1.78,1.33,G28
12/12/17,318,agouti,10:45,M,9/19/17,84,36.7,10.6,153,363.2,1351,124.9,737.6,6.68,NA,9.2,156.7,16.94,1.68,1.45,G28
12/12/17,319,agouti,11:20,M,9/19/17,84,32.4,10.1,141,288.9,980.8,138,485.7,5.42,NA,4.3,149,15.99,1.52,1.31,G28
12/12/17,320,agouti,12:06,M,9/19/17,84,29.5,10.6,144,122.4,503.9,73.4,179.2,2.73,see weight records for weight loss,6.3,146.3,15.74,1.62,1.25,G28
12/13/17,321,agouti,10:48,M,9/19/17,85,34.3,10.7,122,215.8,1389.8,115.8,680.7,6.67,NA,2.4,188.7,16.37,1.57,1.27,G28
12/13/17,322,agouti,11:14,M,9/19/17,85,29.5,10.5,111,162.4,565.3,150.7,406.3,3.84,NA,4.3,151.7,15.13,1.49,1.24,G28
12/13/17,323,agouti,11:42,M,9/19/17,85,29.7,10.3,107,178.8,596.9,155.1,345.1,3.77,NA,4.8,155.7,15.27,1.62,1.23,G28
12/13/17,324,agouti,12:07,M,9/19/17,85,40,10.6,118,280.4,1815.4,148.4,628.9,6.81,NA,5.9,157.9,15.93,1.88,1.45,G28
12/14/17,325,agouti,10:41,M,9/19/17,86,28.5,10.3,133,39.7,297,69.2,159.7,1.74,NA,5.2,174.9,16.43,1.68,1.3,G28
12/14/17,326,agouti,11:13,M,9/19/17,86,25.8,10.1,128,116.1,438.9,107.2,355.1,3.53,NA,4.6,122.9,15.84,1.57,1.31,G28
12/14/17,327,white,11:40,M,9/19/17,86,34,10.5,88,185.8,764.6,232.8,572.3,4.48,NA,4.4,157.2,15.74,1.71,1.34,G28
12/14/17,328,agouti,12:05,M,9/19/17,86,23.5,9.8,88,77.2,344.6,54.9,233.6,2.79,see weight records for weight loss,2,126,15.02,1.6,1.1,G28
12/11/17,329,agouti,13:37,F,9/19/17,83,21.7,9.6,80,14.2,117,43.9,173.5,1.40,not fasted ON,2.3,97.1,14.59,1.46,1.25,G28
12/11/17,330,agouti,14:10,F,9/19/17,83,21,9.3,82,35.7,207.4,49.8,210.5,2.16,not fasted ON,2.7,115,14.77,1.21,1.17,G28
12/11/17,331,agouti,14:34,F,9/19/17,83,22,9.5,111,78.2,511.2,53.2,267.4,3.89,"not fasted ON, ",5.2,111.9,14.91,1.33,1.19,G28
12/11/17,332,agouti,16:00,F,9/19/17,83,24.5,9.7,106,152.1,258.6,NA,263.2,2.75,Larry collected fat pads; R tibia broken; femoral head? not fasted ON,4.20,120.1,15.62,1.65,1.23,G28
12/12/17,333,agouti,13:38,F,9/19/17,84,22.3,9.4,48,16.3,105,43.4,97.3,0.98,NA,3.9,108,15,1.54,1.26,G28
12/12/17,334,agouti,14:06,F,9/19/17,84,21.4,9.7,64,9.2,70.3,37.2,94.5,0.81,NA,2.8,116.8,16.26,1.55,1.36,G28
12/12/17,335,black,14:35,F,9/19/17,84,17.8,9.1,84,0,18.9,28.1,48.2,0.38,NA,3.8,96.4,14.47,1.29,1.08,G28
12/12/17,336,white,15:00,F,9/19/17,84,22,9.4,59,12.7,54.7,30.7,113.1,0.82,NA,5.2,128.1,15.55,1.48,1.16,G28
12/13/17,337,white,13:33,F,9/19/17,85,21.3,9.8,94,9.8,64,44.7,121,0.91,NA,7,114.2,15,1.43,1.25,G28
12/13/17,338,agouti,14:01,F,9/19/17,85,26.8,10.4,58,56.6,294.3,48.4,124.2,1.77,NA,4.2,135.8,15.46,1.77,1.37,G28
12/13/17,339,black,14:31,F,9/19/17,85,25,9.8,108,69.8,389.6,43.6,307.5,3.07,NA,5.5,112.9,14.67,1.56,1.18,G28
12/13/17,340,white,15:07,F,9/19/17,85,19,9.3,87,8.1,40.8,35.3,92.7,0.75,NA,2.7,87.7,14.94,1.31,1.14,G28
12/14/17,341,agouti,13:22,F,9/19/17,86,19.5,9.8,73,17.2,79.6,36.4,101.5,1.02,NA,3.5,111.1,15.33,1.46,1.23,G28
12/14/17,342,agouti,13:48,F,9/19/17,86,28.2,10.4,92,149.9,873.6,62.4,474.2,5.31,NA,6.7,148.8,14.4,1.59,1.23,G28
12/14/17,343,agouti,14:11,F,9/19/17,86,21.2,9.5,73,34.1,182.8,41,176.2,1.85,NA,4.4,139,15.06,1.55,1.24,G28
12/14/17,344,white,14:35,F,9/19/17,86,27.9,10.6,100,124.5,518.7,143.7,621,4.53,NA,8.8,142.2,16.06,1.48,1.18,G28
12/14/17,345,white,15:03,F,9/19/17,86,33.5,10.3,87,181.6,842.6,75,630,4.94,NA,6.1,151.5,15.72,1.72,1.43,G28
1/2/18,346,agouti,10:18,M,10/10/17,84,31.8,10.5,141,145.6,560.1,160.6,450.4,3.64,not fasted ON,6.2,162.2,15.94,1.66,1.37,G28
1/2/18,347,agouti,10:45,M,10/10/17,84,31.6,10.8,175,340,1273.8,141.7,615,7.05,"not fasted ON, see weight records for weight loss",NA,160.1,16.02,1.56,1.3,G28
1/2/18,348,agouti,11:12,M,10/10/17,84,NA,11.2,175,392.9,1277.6,182.2,1111.1,,not fasted ON,7.7,184.2,16.38,1.55,1.25,G28
1/2/18,349,agouti,11:38,M,10/10/17,84,NA,10.9,154,99.4,336,130.3,428.1,,not fasted ON,6.9,201.8,17.37,1.79,1.43,G28
1/3/18,350,black,10:42,M,10/10/17,85,30.2,10.2,105,111.9,586,60.1,321.3,,NA,5.1,132.8,15.68,1.52,1.22,G28
1/3/18,351,agouti,11:09,M,10/10/17,85,28.7,10.2,128,66,232.7,58.1,253.9,,NA,4.7,135,15.91,1.65,1.31,G28
1/3/18,352,agouti,11:35,M,10/10/17,85,29.6,10,65,276.9,876.9,122.2,628.2,,very little marrow,5.3,117.3,15.09,1.54,1.24,G28
1/3/18,353,agouti,12:02,M,10/10/17,85,29.8,10.3,84,38.1,280.9,54,213.3,,NA,5.2,179.5,15.3,1.62,1.25,G28
1/4/18,354,chincilla-dark eyes,10:30,M,10/10/17,86,36.2,11,111,194.2,1124,100.9,622,,NA,5,153.5,16.71,1.9,1.32,G28
1/4/18,355,agouti,10:57,M,10/10/17,86,23.6,9.6,73,40.8,177.8,55.7,134.5,,NA,3.8,100.8,14.36,1.3,1.11,G28
1/4/18,356,black,11:23,M,10/10/17,86,24.1,9.6,91,31.3,178.1,51.2,117.2,,NA,2.8,139.8,14.71,1.62,1.25,G28
1/4/18,357,white,11:47,M,10/10/17,86,31.9,10.2,95,172.8,799.4,79,727.8,,NA,4.4,146.4,15.1,1.52,1.28,G28
1/5/18,358,agouti,10:48,M,10/10/17,87,28.6,10.2,86,18.2,135.1,47,124.5,,broke femoral head,3.5,159.9,16.02,1.49,1.2,G28
1/5/18,359,agouti,11:13,M,10/10/17,87,33.3,10.8,115,110.4,546.5,91.3,445.6,,NA,3.7,148.8,16.23,1.67,1.31,G28
1/5/18,360,white,11:38,M,10/10/17,87,32.9,10.7,161,164.2,646.8,90.7,557.8,,NA,4.3,159.7,15.6,1.63,1.2,G28
1/5/18,361,agouti,12:04,M,10/10/17,87,19.3,9.2,78,90.6,309.3,61.8,304.6,,NA,2.7,89.9,13.5,1.23,1.07,G28
1/2/18,362,agouti,12:07,F,10/10/17,84,NA,10.1,88,87.9,355.2,57.9,341.5,,"not fasted ON, left and right tibias broken",6.4,135.9,15.55,1.39,1.23,G28
1/2/18,363,agouti,13:18,F,10/10/17,84,NA,10.2,170,43.3,257.8,42.8,216.6,,not fasted ON,5.5,109.3,15.54,1.37,1.25,G28
1/2/18,364,agouti,13:43,F,10/10/17,84,NA,9.6,130,139.5,458.1,50.2,409.5,,not fasted ON,4.2,116.5,14.38,1.45,1.19,G28
1/2/18,365,black,14:07,F,10/10/17,84,NA,10.3,113,76.2,410,78.8,296.3,,not fasted ON,4.1,153.5,15.68,1.72,1.35,G28
1/3/18,366,agouti,13:12,F,10/10/17,85,21.5,9.6,49,41.8,189.8,38.6,115.9,,NA,3.9,105.8,15.38,1.36,1.21,G28
1/3/18,367,agouti,13:37,F,10/10/17,85,22.7,9.8,57,25,137,39.9,122,,NA,5.1,107.2,15.54,1.37,1.27,G28
1/3/18,368,black,14:03,F,10/10/17,85,21,9.2,79,37.4,234.6,51.7,141.6,,NA,4.5,120.1,15.17,1.45,1.23,G28
1/3/18,369,white,14:32,F,10/10/17,85,27.5,9.7,59,62.2,429,61.7,221.1,,NA,5.4,165.4,15.97,1.62,1.27,G28
1/4/18,370,agouti,12:16,F,10/10/17,86,21.4,9.6,86,26.8,175,42.2,163.7,,NA,4.2,115.7,14.87,1.47,1.13,G28
1/4/18,371,agouti,13:30,F,10/10/17,86,20.4,9.5,67,63.2,387.5,57.9,254.1,,NA,3,90.6,13.61,1.28,1.1,G28
1/4/18,372,agouti,13:53,F,10/10/17,86,23.8,9.6,62,85.6,529.6,61.8,350.9,,NA,1.4,124.2,14.95,1.34,1.28,G28
1/4/18,373,black,14:24,F,10/10/17,86,26.4,9.9,122,111.5,1017.1,77.5,514.9,,NA,3.6,140.6,15.92,1.55,1.22,G28
1/5/18,374,agouti,13:13,F,10/10/17,87,23.7,10.2,63,57.9,265.5,51.4,236.7,,NA,4.6,132.5,16.06,1.61,1.41,G28
1/5/18,375,agouti,13:37,F,10/10/17,87,20.4,9.6,80,23.4,267.4,36.1,173.1,,NA,3.8,104.9,15.02,1.54,1.25,G28
1/5/18,376,agouti,14:10,F,10/10/17,87,22,10.2,79,37,195.4,63.4,171.8,,NA,4.2,119.2,16.01,1.5,1.14,G28
1/5/18,377,white,14:38,F,10/10/17,87,27,10.4,98,13.3,115.7,47.7,181.6,,NA,6.2,146.7,16,1.51,1.32,G28
4/9/18,378,black,10:17,M,1/16/18,83,33.2,10.1,133,234.9,853.9,111.8,512.9,,had food about 30 min before pickup,4,152.1,15.71,1.64,1.39,G29
4/9/18,379,black,10:45,M,1/16/18,83,30.5,10.2,125,277.8,695.5,104.6,534.9,,"had food about 30 min before pickup, no plasma, broke R tibia",4.5,133.1,15.51,1.55,1.24,G29
4/9/18,380,agouti,11:10,M,1/16/18,83,28.7,10.5,127,189.4,545.9,118,615.9,,had food about 30 min before pickup,4.9,134.5,15.45,1.68,1.08,G29
4/9/18,381,white,11:38,M,1/16/18,83,27.4,10.3,90,89,328.2,55,267,,had food about 30 min before pickup,3.2,157.7,15.95,1.6,1.37,G29
4/9/18,382,black,12:02,M,1/16/18,83,23.7,9.9,103,100.2,280.3,87.3,221,,"had food about 30 min before pickup, see weight records for weight loss",3.9,121.1,14.33,1.47,1.13,G29
4/10/18,383,black,10:15,M,1/16/18,84,28.4,10.5,89,100.4,470.8,69.6,494.6,,NA,6.4,157.4,15.13,1.73,1.19,G29
4/10/18,384,black,10:37,M,1/16/18,84,25.9,9.8,114,87.1,542.5,58.5,256.9,,NA,3.7,120.6,14.62,1.41,1.25,G29
4/10/18,385,agouti,11:00,M,1/16/18,84,23.9,9.6,86,25.8,192.2,47.4,149.2,,NA,4.3,125.7,14.49,1.52,1.15,G29
4/10/18,386,black,11:23,M,1/16/18,84,25.3,10.1,107,111.6,281.6,79.5,224.8,,see weight records for weight loss,5.6,134.7,15.01,1.54,1.16,G29
4/10/18,387,white,11:46,M,1/16/18,84,29.5,10,67,159.7,593.8,86.9,509.6,,NA,5.1,148.1,15.94,1.32,1.17,G29
4/11/18,388,agouti,10:45,M,1/16/18,85,31.6,10.2,141,88.1,374.7,65.9,230.6,,L tibia broken,6.5,174.6,15.89,1.6,1.24,G29
4/11/18,389,agouti,11:12,M,1/16/18,85,23.8,10,145,117.5,378.8,60.3,308.5,,NA,5,135.1,14.81,1.49,1.24,G29
4/11/18,390,white,11:35,M,1/16/18,85,24.3,9.7,85,18.8,199.8,57.1,166.1,,NA,5.1,149,14.33,1.37,1.15,G29
4/11/18,391,agouti,12:02,M,1/16/18,85,26.3,10.3,113,39.6,195.3,80.2,248.5,,NA,6.9,139.3,15.85,1.34,1.12,G29
4/11/18,392,black,12:25,M,1/16/18,85,34.1,10.6,97,221.9,921.5,120.5,638.6,,R tibia broken,2.6,80.5,16.3,1.68,1.42,G29
4/12/18,393,white,13:19,M,1/16/18,86,25.8,10.4,109,62.2,351.4,71.7,245.2,,"some food in cage, see weight records for weight loss",4.5,129.9,15.74,1.41,1.25,G29
4/12/18,394,agouti,13:42,M,1/16/18,86,24.9,10.4,103,30,109.8,43.8,158.7,,R tibia broken,4.2,113,15.6,1.51,1.23,G29
4/12/18,395,black,14:02,M,1/16/18,86,22.3,9.9,55,4.3,82.3,40.6,66,,decapitated,4.2,105.6,15.51,1.57,1.34,G29
4/12/18,396,agouti,14:28,M,1/16/18,86,24.4,9.6,87,15.7,126.3,39.2,108.3,,NA,4.1,118.2,14.71,1.49,1.27,G29
4/12/18,397,black,15:00,M,1/16/18,86,46.6,10.9,206,748.2,1419.2,190.5,1108.1,,R tibia broken,9.6,197.6,16.87,1.77,1.36,G29
4/9/18,398,agouti,13:20,F,1/16/18,83,31.3,10.6,130,179,880.8,92.7,1003.2,,had food about 30 min before pickup,6,129.6,15.88,1.61,1.28,G29
4/9/18,399,agouti,14:04,F,1/16/18,83,26.6,10.4,111,53.6,251.7,60.6,249.4,,had food about 30 min before pickup,5.4,154.6,15.44,1.5,1.3,G29
4/9/18,400,white,14:28,F,1/16/18,83,20.2,9.5,93,39.3,147.7,53.2,246.6,,had food about 30 min before pickup,4.5,123.8,14.01,1.44,1.2,G29
4/9/18,401,white,14:52,F,1/16/18,83,23.5,10.2,82,74.6,265.4,47.2,291.1,,had food about 30 min before pickup,5.3,124.1,15.86,1.63,1.38,G29
4/9/18,402,white,15:14,F,1/16/18,83,25.9,10.2,88,90.5,548.8,64.9,280.4,,had food about 30 min before pickup,5.8,134.2,15.4,1.65,1.35,G29
4/10/18,403,agouti,12:51,F,1/16/18,84,21.4,9.5,37,29.3,208.4,52.4,149.7,,NA,4,100.9,14.6,1.35,1.19,G29
4/10/18,404,black,13:17,F,1/16/18,84,21.6,9.4,59,34,184.2,42.4,209.5,,NA,2.8,100.8,14.92,1.33,1.18,G29
4/10/18,405,white,13:42,F,1/16/18,84,22.3,9.8,93,0,50.3,32.9,117,,NA,3.8,105.6,14.93,1.46,1.2,G29
4/10/18,406,white,14:05,F,1/16/18,84,23.9,9.5,50,33.9,369.7,42.4,220.9,,NA,6.2,111.5,15.68,1.44,1.26,G29
4/10/18,407,white,14:31,F,1/16/18,84,21.9,9.9,67,10.5,71,31.9,108.5,,NA,3.8,103.1,15.83,1.31,1.25,G29
4/11/18,408,agouti,13:52,F,1/16/18,85,21,9.9,78,29.3,123,62,208,,NA,3.8,98.6,15.61,1.35,1.18,G29
4/11/18,409,agouti,14:20,F,1/16/18,85,28.5,10,74,90,865.1,53.1,404.2,,NA,4.1,133,15.75,1.47,1.24,G29
4/11/18,410,agouti,14:43,F,1/16/18,85,20.5,9.6,110,58.7,116.2,69.5,264.6,,NA,5,112.8,14.87,1.39,1.11,G29
4/11/18,411,black,15:16,F,1/16/18,85,19.4,9.5,69,34.3,60.8,38.6,117.7,,NA,3.1,106.4,14.6,1.5,1.22,G29
4/11/18,412,white,15:41,F,1/16/18,85,29.8,10.3,102,172.7,761.8,95.7,759.3,,NA,4.3,145.3,15.3,1.5,1.28,G29
4/12/18,413,agouti,10:26,F,1/16/18,86,21.8,9.5,152,46.9,485,57.5,191.8,,L tibia broke,6.4,120.6,14.47,1.41,1.06,G29
4/12/18,414,agouti,10:51,F,1/16/18,86,25.9,9.7,108,168.5,717.7,81.1,431.3,,see weight records for weight loss,4.1,101.4,15.49,1.59,1.25,G29
4/12/18,415,agouti,11:13,F,1/16/18,86,22.2,9.7,68,9.2,78.4,36,126.7,,NA,7.4,118.1,15.67,1.7,1.37,G29
4/12/18,416,black,11:38,F,1/16/18,86,26.8,10.4,88,53.8,327.7,43.3,208.7,,NA,8.5,169.1,16.3,1.58,1.28,G29
4/12/18,417,white,12:09,F,1/16/18,86,22.5,9.7,91,30.2,185.4,37.4,193.2,,NA,5.3,119.9,14.62,1.42,1.05,G29
6/18/18,418,white,13:50,M,3/27/18,83,35.7,10.7,121,275.8,671.1,103.8,448.3,,see weight records for weight loss,6,198.8,16,1.95,1.48,G30
6/18/18,419,white,14:19,M,3/27/18,83,34.5,10.8,135,476.2,1465.3,132.8,800.5,,NA,6.3,172,15.23,2.03,1.45,G30
6/18/18,420,white,14:46,M,3/27/18,83,26.2,10.1,120,121.7,614.4,61,417.4,,no thymus,5.7,188.1,15.39,1.42,1.21,G30
6/18/18,421,agouti,15:15,M,3/27/18,83,29.9,10.2,115,85.5,420.9,65.4,248.2,,NA,2.7,168,15.28,1.43,1.21,G30
6/18/18,422,agouti,15:44,M,3/27/18,83,22.1,9.8,57,44.7,189.2,42.2,163.1,,NA,6.4,117,14.84,1.65,1.1,G30
6/19/18,423,agouti,13:42,M,3/27/18,84,27.9,10.1,122,116,441.6,97.9,327.9,,NA,5.3,158.9,15.55,1.74,1.18,G30
6/19/18,424,agouti,14:10,M,3/27/18,84,33.3,10.6,93,381.3,885.2,86,340.6,,NA,7.4,158.4,16.43,1.65,1.41,G30
6/19/18,425,agouti,14:45,M,3/27/18,84,42.5,10.5,83,39.6,242.2,61.4,195.1,,NA,5.2,181.2,15.62,1.76,1.36,G30
6/19/18,426,white,15:10,M,3/27/18,84,25.2,9.7,52,23.5,281.3,59.7,163,,"decapitated, black stools",4.8,154.4,15.37,1.66,1.24,G30
6/19/18,427,white,15:40,M,3/27/18,84,27.3,9.7,93,202.3,475.7,169.3,392.2,,NA,4.8,140.6,15.27,1.68,1.28,G30
6/20/18,428,agouti,14:40,M,3/27/18,85,30.2,10.3,107,271.8,893.6,106,608.4,,NA,4.7,147.4,15.21,1.64,1.22,G30
6/20/18,429,brown,15:09,M,3/27/18,85,45.8,11.5,167,356.6,1224.8,148.2,957.8,,NA,3.6,166.2,17.23,1.71,1.37,G30
6/20/18,430,white,15:41,M,3/27/18,85,28.2,10.3,90,104.8,273.2,57.2,266.2,,NA,4.8,131.1,15.97,1.92,1.3,G30
6/20/18,431,white,16:22,M,3/27/18,85,29.6,10.1,85,137.4,425.8,48,674.6,,see weight records for weight loss,3.3,118.3,15.48,1.54,1.25,G30
6/20/18,432,white,16:46,M,3/27/18,85,29.7,10.4,108,74.6,329.5,49.3,211.3,,NA,6.4,150.1,15.8,1.64,1.28,G30
6/21/18,433,agouti,14:34,M,3/27/18,86,25.7,9.8,110,98.9,323.2,95.8,356,,NA,5.4,149.9,13.92,1.35,1.22,G30
6/21/18,434,black,15:02,M,3/27/18,86,27.8,10.4,56,56,273,43.550.6,204.5,,NA,5.7,132.4,16.07,1.5,1.17,G30
6/21/18,435,black,15:29,M,3/27/18,86,29.2,10.5,110,39.3,273.5,43.5,145.4,,NA,4.2,165.7,15.29,1.65,1.2,G30
6/21/18,436,black,15:51,M,3/27/18,86,30,10.5,153,221.6,556.5,188.1,439,,decapitated,5.3,152.8,15.23,1.49,1.22,G30
6/21/18,437,agouti,16:23,M,3/27/18,86,31.1,10.6,77,87,376.4,53.5,277.1,,NA,7.2,165.1,16.22,1.76,1.4,G30
6/18/18,438,black,10:45,F,3/27/18,83,30,10.4,158,55.6,250.7,50.2,224.6,,NA,6.7,160.9,16.22,1.74,1.46,G30
6/18/18,439,black,11:12,F,3/27/18,83,26.3,10.3,95,83.3,540.2,72.5,329.8,,NA,6.2,154.1,16,1.75,1.37,G30
6/18/18,440,black,11:38,F,3/27/18,83,26.7,10.5,85,95.8,653,61.8,232.2,,NA,5.3,149.3,15.07,1.65,1.38,G30
6/18/18,441,white,12:06,F,3/27/18,83,26.4,10.5,88,64.6,294.4,78.4,223.4,,NA,5.8,144,16.19,1.76,1.48,G30
6/18/18,442,white,12:31,F,3/27/18,83,27.6,10.2,125,132.5,436.1,102.2,463.8,,NA,4.6,147.5,15.52,1.53,1.24,G30
6/19/18,443,agouti,10:40,F,3/27/18,84,31.3,10.2,68,189.9,807.6,78.5,588.3,,NA,6.3,147.8,15.46,1.85,1.35,G30
6/19/18,444,agouti,11:05,F,3/27/18,84,27,10.3,56,71.5,355.6,59.3,199.6,,NA,5.9,161.8,15.41,1.8,1.4,G30
6/19/18,445,black,11:31,F,3/27/18,84,23.4,9.6,67,84.1,646.3,54.1,503.1,,NA,4.6,119.8,14.62,1.41,1.26,G30
6/19/18,446,black,11:55,F,3/27/18,84,22.9,10.2,73,0,29.3,29.2,67.8,,NA,4.9,117.4,15.51,1.61,1.3,G30
6/19/18,447,black,12:16,F,3/27/18,84,23.6,10.4,77,0,56.6,39.7,103.5,,see weight records for weight loss,5.7,116.5,15.89,1.68,1.4,G30
6/20/18,448,agouti,11:25,F,3/27/18,85,30.5,10,121,349.2,1295.7,124.2,964.2,,NA,3.7,116.4,14.57,1.56,1.2,G30
6/20/18,449,agouti,11:50,F,3/27/18,85,26.5,9.9,119,72.9,464.2,76.5,269.6,,NA,6,200.3,15.76,1.4,1.1,G30
6/20/18,450,agouti,12:14,F,3/27/18,85,19,9.1,129,99.5,276.5,59.5,402.1,,"broke R tibia, no heart",3.9,116.5,14.07,1.19,1.08,G30
6/20/18,451,black,12:41,F,3/27/18,85,21.5,9.4,100,76.1,549,85.6,405.8,,NA,3.8,99.6,14.81,1.34,1.1,G30
6/20/18,452,white,13:06,F,3/27/18,85,24.9,9.9,125,18.7,90.9,55.7,168.7,,NA,5.1,123.7,15.32,1.73,1.36,G30
6/21/18,453,agouti,11:21,F,3/27/18,86,22.1,10.2,118,13.6,82.7,28.3,174.2,,NA,5.4,138.2,16.11,1.43,1.25,G30
6/21/18,454,agouti,11:47,F,3/27/18,86,22.4,9.9,135,56.9,276.2,37.4,254.6,,NA,4.1,121.2,15.42,1.52,1.24,G30
6/21/18,455,agouti,12:15,F,3/27/18,86,20.3,9.5,114,31.6,170,32.7,185.9,,NA,5,107.2,15.67,1.3,1.1,G30
6/21/18,456,agouti,12:40,F,3/27/18,86,24.7,10.4,96,158.2,437.1,70.5,320.4,,NA,2.4,119.4,14.73,1.5,1.26,G30
6/21/18,457,black,13:11,F,3/27/18,86,23.2,10.3,97,65.4,195.4,59.2,280.5,,NA,6.3,141.4,15.53,1.56,1.26,G30
7/16/18,458,white,13:42,M,4/17/18,90,40.3,11.2,125,250.3,701,85.3,605.8,,NA,7.5,216.4,15.9,1.78,1.33,G30
7/16/18,459,black,14:12,M,4/17/18,90,32.4,10.3,129,150,622.4,114.3,542.5,,NA,6.8,172.1,15.34,1.68,1.23,G30
7/16/18,460,black,14:40,M,4/17/18,90,25,10.1,134,91.4,332.2,63.7,199.5,,NA,5.3,133.7,15.61,1.48,1.24,G30
7/16/18,461,black,15:23,M,4/17/18,90,39.5,10.4,122,344.8,1065.3,119.2,995.7,,NA,6.8,174.4,15.25,1.89,1.32,G30
7/16/18,462,agouti,15:49,M,4/17/18,90,41.4,10.8,82,315.9,2144.4,210.6,827.8,,NA,5.7,160,16.23,1.89,1.36,G30
7/17/18,463,agouti,14:14,M,4/17/18,91,31.3,10.8,54,98.8,318.7,78.9,285,,NA,5.5,172.8,15.23,1.63,1.22,G30
7/17/18,464,agouti,14:42,M,4/17/18,91,32.5,10.7,87,146.4,485.6,77.1,454.9,,NA,5.9,186.3,15.19,1.5,1.15,G30
7/17/18,465,agouti,15:14,M,4/17/18,91,31.7,10.8,86,103.6,427,77.1,283.4,,NA,6.9,161.5,15.6,1.71,1.36,G30
7/17/18,466,brown,15:50,M,4/17/18,91,30.2,10.2,69,181.1,688.2,83.6,574.3,,broke R tibia,5.2,136.8,15.55,1.46,1.22,G30
7/17/18,467,agouti,16:15,M,4/17/18,91,41.4,11.1,104,388.6,1829.3,100.9,762.8,,NA,6.6,195.7,16.84,1.77,1.51,G30
7/18/18,468,agouti,13:44,M,4/17/18,92,26.7,9.9,100,53.9,241.6,36.6,181.9,,see weight records for weight loss,5.5,154.8,15.53,1.47,1.22,G30
7/18/18,469,agouti,14:07,M,4/17/18,92,29.9,9.9,73,184.2,550.1,158.4,618.4,,NA,5.3,155.9,14.53,1.39,1.13,G30
7/18/18,470,agouti,14:32,M,4/17/18,92,27.1,10.1,72,13.9,152.8,54.3,84.2,,NA,4.8,139.3,15.88,1.58,1.33,G30
7/18/18,471,agouti,15:03,M,4/17/18,92,32.1,10.7,120,139.1,404.6,39.7,369.1,,NA,5.1,186.5,16.43,1.68,1.27,G30
7/18/18,472,agouti,15:28,M,4/17/18,92,24.4,10.5,134,188.4,563.5,94.5,427.8,,NA,6,170.9,15.81,1.55,1.22,G30
7/19/18,473,white,13:22,M,4/17/18,93,36.3,10.6,119,266.1,686.2,155,727.7,,NA,6.8,163.3,15.77,1.7,1.27,G30
7/19/18,474,white,13:55,M,4/17/18,93,35.7,10.4,155,237.3,682.1,101.7,435.9,,NA,8.8,164.4,14.2,1.7,1.23,G30
7/19/18,475,white,14:30,M,4/17/18,93,31.2,10.5,85,109.4,374.5,50.9,309.3,,NA,4.8,178.9,16.13,1.67,1.17,G30
7/19/18,476,agouti,14:59,M,4/17/18,93,34.2,10.1,102,232.5,1058.5,101.9,718.3,,NA,5.5,139.6,13.75,1.67,1.21,G30
7/19/18,477,agouti,15:22,M,4/17/18,93,25.5,9.9,89,41.2,255.2,52.1,209.3,,NA,4,165,14.58,1.57,1.09,G30
7/16/18,478,agouti,10:39,F,4/17/18,90,25.4,10.2,118,91.3,412,51,297.6,,NA,5.60,142.9,15.37,1.46,1.23,G30
7/16/18,479,agouti,11:08,F,4/17/18,90,23.9,9.8,109,81.7,301.1,70.7,488.1,,NA,4.9,145.8,15.55,1.46,1.22,G30
7/16/18,480,black,11:36,F,4/17/18,90,25.2,9.7,104,18.1,105.9,40.3,138.2,,NA,5,143.2,14.74,1.64,1.24,G30
7/16/18,481,black,12:03,F,4/17/18,90,23.9,9.8,132,72.4,388.2,64.6,292.7,,NA,5.7,137.5,14.67,1.56,1.2,G30
7/16/18,482,black,12:29,F,4/17/18,90,28,10.4,106,138,523.3,60,412.7,,NA,5.9,159.8,15.92,1.58,1.19,G30
7/17/18,483,agouti,11:25,F,4/17/18,91,19.3,9.7,75,12.1,45.9,51.7,91.4,,l tibia broken,2,93.7,14.56,1.42,1.1,G30
7/17/18,484,agouti,11:48,F,4/17/18,91,24,9.6,62,19,89.9,49.6,138.4,,NA,3.6,146.2,15.22,1.72,1.25,G30
7/17/18,485,agouti,12:13,F,4/17/18,91,25.6,9.5,91,129.9,572.8,67,435.1,,NA,5.3,124.4,15.08,1.62,1.27,G30
7/17/18,486,brown,12:37,F,4/17/18,91,33,10.2,74,227.7,1005.7,102,678.9,,NA,NA,168.9,15.33,1.64,1.34,G30
7/17/18,487,white,13:05,F,4/17/18,91,23.6,9.7,63,92.5,394.4,63.9,265.2,,l tibia broken,5,128.1,13.86,1.39,1.05,G30
7/18/18,488,agouti,10:56,F,4/17/18,92,22.9,10.1,64,17.3,88.3,38.4,178.5,,NA,5.2,145.6,15.67,1.36,1.21,G30
7/18/18,489,agouti,11:20,F,4/17/18,92,26.4,10,118,29.7,155.2,47.4,295.1,,decapitated,5.5,149.1,15.07,1.56,1.18,G30
7/18/18,490,black,11:48,F,4/17/18,92,26.3,10.2,100,115.8,408.2,55.9,305.2,,NA,6.3,135.5,16.4,1.46,1.25,G30
7/18/18,491,white,12:15,F,4/17/18,92,21.2,9.7,84,21.1,83.4,44.9,158.5,,NA,5,124.8,15.53,1.57,1.24,G30
7/18/18,492,white,12:41,F,4/17/18,92,26.9,9.8,102,135.1,702.1,85.6,504.3,,NA,3.6,150.2,14.92,1.61,1.23,G30
7/19/18,493,agouti,10:32,F,4/17/18,93,26,10.2,101,26.5,217,57.2,216.1,,NA,5,137.1,16.68,1.81,1.4,G30
7/19/18,494,agouti,10:55,F,4/17/18,93,21.9,9.5,118,29,61.9,37.1,210.6,,broke R tibia,4.9,123.5,15.59,1.3,1.1,G30
7/19/18,495,black,11:16,F,4/17/18,93,27.7,10.2,96,19.7,83.7,50.8,150.1,,NA,5.5,125.6,16.08,1.73,1.39,G30
7/19/18,496,black,11:41,F,4/17/18,93,28,10.8,104,58,173.9,69.7,266,,NA,5.8,174.9,16.09,1.46,1.3,G30
7/19/18,497,white,12:06,F,4/17/18,93,22.4,9.7,73,26.1,74.1,67.4,151.3,,hunched-on SF-looked better,6.1,115.5,16.51,1.5,1.3,G30
9/24/18,498,agouti,13:47,M,7/3/18,83,22.5,9.5,121,51.9,165.5,71.4,212.5,,NA,3.9,119.4,14.65,1.4,1.17,G31
9/24/18,499,agouti,14:20,M,7/3/18,83,32.1,10.4,96,289.4,1093.4,152.3,643.1,,NA,6.7,160.4,15.32,1.59,1.18,G31
9/24/18,500,white,14:49,M,7/3/18,83,37,11,140,291.1,871.2,112.7,1007.2,,NA,7.7,178.9,15.92,1.73,1.35,G31
9/24/18,501,agouti,15:30,M,7/3/18,83,29,9.9,91,138.7,414.6,80.4,396.6,,NA,4.9,147.5,15.84,1.45,1.13,G31
9/24/18,502,agouti,16:00,M,7/3/18,83,26.2,10,113,72.5,160.9,60.5,303.9,,no brain collected,7.3,138.3,14.94,1.59,1.24,G31
9/25/18,503,agouti,14:40,M,7/3/18,84,30.6,10.5,79,30.3,202.5,39.3,135.7,,see weight records for weight loss,6.3,152.8,16.06,1.8,1.3,G31
9/25/18,504,white,15:04,M,7/3/18,84,28,9.7,86,167.2,354.6,60.4,442.7,,NA,4.7,119.9,15.5,1.54,1.35,G31
9/25/18,505,agouti,15:31,M,7/3/18,84,26.6,10.1,57,29.3,165.7,56,117.6,,NA,5.8,143.7,15.46,1.58,1.18,G31
9/25/18,506,agouti,16:00,M,7/3/18,84,29.9,10.1,128,134.8,614.9,39.9,281.2,,NA,5.8,170.5,15.66,1.63,1.24,G31
9/25/18,507,white,16:27,M,7/3/18,84,29.5,10.2,153,321.9,844.5,64.5,666,,see weight records for weight loss,4,153.2,15.76,1.48,1.34,G31
9/27/18,508,agouti,13:51,M,7/3/18,86,28.3,10.4,83,143.3,448.1,61,297.2,,NA,5.4,156.4,15.61,1.65,1.28,G31
9/27/18,509,black,14:11,M,7/3/18,86,24.5,9.9,71,101.8,309.3,55.6,252.8,,NA,3.6,124.8,14.25,1.61,1.2,G31
9/27/18,510,white,14:35,M,7/3/18,86,42.3,10.7,97,320,1169.7,215.5,1126.5,,NA,4.5,185.9,16.1,1.92,1.48,G31
9/27/18,511,black,15:07,M,7/3/18,86,22.5,9.9,145,88.8,219.9,81.2,303.5,,NA,2.2,128.6,14.88,1.44,1.21,G31
9/27/18,512,agouti,15:34,M,7/3/18,86,31.1,10.3,141,161.1,735.5,112.4,597,,NA,7.4,124.3,15.59,1.92,1.46,G31
9/28/18,513,white,13:36,M,7/3/18,87,27.7,10.1,130,111.2,368,112.1,352.9,,NA,5,152.4,15.61,1.69,1.35,G31
9/28/18,514,white,14:09,M,7/3/18,87,36.6,11,91,304,1269.7,81.5,915.2,,NA,5.6,152.8,16.45,1.71,1.36,G31
9/28/18,515,agouti,14:48,M,7/3/18,87,22.6,9.7,58,26.2,213.4,31.8,109.5,,NA,4.1,106.8,14.7,1.8,1.31,G31
9/28/18,516,agouti,15:20,M,7/3/18,87,37.4,11.1,169,258.3,823.8,174.4,677.4,,decapitated,8.2,192,16.83,1.84,1.46,G31
9/28/18,517,white,15:57,M,7/3/18,87,33.1,10.7,121,283.8,977.2,79.8,547.5,,NA,5.9,139.4,15.42,1.65,1.31,G31
9/24/18,518,agouti,10:45,F,7/3/18,83,20.3,9.4,110,20,154.1,37.5,212.2,,NA,4.6,122.4,14.79,1.5,1.16,G31
9/24/18,519,agouti,11:15,F,7/3/18,83,23.3,9.8,93,124.9,398.6,65.8,408.9,,NA,4.1,120.2,15.4,1.55,1.17,G31
9/24/18,520,black,11:35,F,7/3/18,83,27.5,10.2,137,144.1,864.2,105.6,529.9,,decapitated,6.8,137.4,15.5,1.73,1.35,G31
9/24/18,521,white,12:05,F,7/3/18,83,28.7,9.9,103,197.2,931.7,70.6,581.7,,NA,5.2,130.1,14.42,1.53,1.36,G31
9/24/18,522,white,12:33,F,7/3/18,83,32.9,10.6,102,296.3,1795.5,80,741.7,,no brain collected,7.5,151.6,16.55,1.48,1.35,G31
9/25/18,523,agouti,11:53,F,7/3/18,84,27.6,10.1,85,79.2,585,57.4,582.7,,NA,7.3,133.5,16.86,1.51,1.21,G31
9/25/18,524,agouti,12:29,F,7/3/18,84,29.4,9.7,112,226.8,1866.4,127.8,992.4,,NA,6,118.5,14.61,1.26,1.22,G31
9/25/18,525,agouti,12:52,F,7/3/18,84,24,9.1,56,129.1,651.7,77.7,506.2,,NA,5.8,128.2,15.04,1.45,1.2,G31
9/25/18,526,black,13:23,F,7/3/18,84,29.3,9.8,65,189.8,742.9,65.9,617,,NA,9.8,127.8,15.87,1.54,1.27,G31
9/25/18,527,white,13:45,F,7/3/18,84,18.9,9.2,60,32.6,144,56.5,225.2,,NA,3.4,79.1,14.66,1.5,1.16,G31
9/27/18,528,agouti,10:44,F,7/3/18,86,26,9.7,114,74.6,624.9,60.3,317.5,,NA,6,150.7,15.33,1.57,1.4,G31
9/27/18,529,agouti/blaze,11:13,F,7/3/18,86,23,9.7,85,88.1,209.5,67.8,284.3,,NA,4.9,125.3,15.23,1.51,1.23,G31
9/27/18,530,black,11:38,F,7/3/18,86,26.1,10.2,128,40.2,238.3,98.1,279.4,,NA,5.3,146.5,15.92,1.68,1.31,G31
9/27/18,531,white,12:05,F,7/3/18,86,29.3,10.5,123,52.2,381.2,42.1,205.4,,NA,5.9,148.6,16.02,1.71,1.37,G31
9/27/18,532,white,12:30,F,7/3/18,86,26.9,9.8,90,113.6,480,54.4,345.4,,NA,4.7,118.4,15.08,1.43,1.27,G31
9/28/18,533,agouti,10:45,F,7/3/18,87,18.1,9.7,47,26.3,122.5,45.1,152,,NA,3.1,110.7,14.17,1.37,1.13,G31
9/28/18,534,agouti,11:07,F,7/3/18,87,23.9,9.3,57,90,681.6,101.7,469.6,,NA,4.4,111.1,14.18,1.58,1.25,G31
9/28/18,535,black,11:30,F,7/3/18,87,22.2,9.4,85,36.5,168.4,34.4,134.2,,NA,4.3,128.6,15.39,1.49,1.2,G31
9/28/18,536,black,11:50,F,7/3/18,87,28.4,10.7,60,65.2,309.1,44.5,223.3,,NA,4.9,167.8,15.98,1.6,1.19,G31
9/28/18,537,black,12:15,F,7/3/18,87,22,9.4,91,12.6,129.8,44.2,122,,NA,4.3,118.2,14.87,1.37,1.15,G31
10/22/18,538,agouti,13:43,M,7/24/18,90,33,10.3,88,291.4,78,129.3,444.3,,NA,3.6,160.4,15.12,1.6,1.18,G31
10/22/18,539,agouti,14:13,M,7/24/18,90,30.3,10.3,116,94,514.1,80.5,324.8,,NA,4.1,167.5,15.66,1.76,1.4,G31
10/22/18,540,black,14:36,M,7/24/18,90,24.3,10.2,102,38.8,218.6,41.1,175,,NA,4.7,128.4,15.4,1.55,1.19,G31
10/22/18,541,black,15:03,M,7/24/18,90,31.3,10,81,48.4,234,40,216.5,,NA,4.8,127.3,14.86,1.51,1.24,G31
10/22/18,542,black,15:31,M,7/24/18,90,23.7,10.8,86,64.1,277.5,57.3,277.4,,NA,7.4,174.9,16.54,1.86,1.45,G31
10/23/18,543,black,13:55,M,7/24/18,91,43.1,10.7,110,414.8,913,107.7,965,,NA,6.6,193.3,16,1.87,1.34,G31
10/23/18,544,agouti,14:26,M,7/24/18,91,30.3,10.6,70,83.8,302.2,55,207,,NA,5.5,166.5,16.14,1.6,1.31,G31
10/23/18,545,agouti,14:55,M,7/24/18,91,36,10.6,72,195,583.5,63.6,943,,NA,6.8,186.5,16.1,1.61,1.3,G31
10/23/18,546,white,15:31,M,7/24/18,91,33.5,10.5,74,158.8,520.1,97.6,342.6,,NA,5.4,164.4,15.86,1.58,1.26,G31
10/23/18,547,agouti,16:03,M,7/24/18,91,35.8,10.6,110,354.7,1123.8,79.4,830.4,,NA,3.7,170.5,16.16,1.7,1.34,G31
10/24/18,548,black,13:38,M,7/24/18,92,23.7,9.7,93,45.6,198.9,42,129.4,,NA,5.2,121,14.54,1.51,1.28,G31
10/24/18,549,agouti,14:01,M,7/24/18,92,25.3,9.8,77,114.6,498.9,65.3,281.8,,NA,3.2,134.7,15.12,1.71,1.2,G31
10/24/18,550,agouti,14:32,M,7/24/18,92,24.3,9.9,113,87,269.3,44.1,329.5,,NA,4.8,101.2,14.76,1.43,1.2,G31
10/24/18,551,agouti,15:04,M,7/24/18,92,26.1,10,95,66,455.6,53.7,305.7,,NA,4.6,145.9,14.67,1.62,1.26,G31
10/24/18,552,white,15:44,M,7/24/18,92,41,10.9,115,416.9,1220.1,101.7,844.7,,NA,6.3,182.3,15.9,1.67,1.28,G31
10/26/18,553,agouti,14:00,M,7/24/18,94,27.6,10.1,167,99.7,263.4,34.8,274.9,,NA,4.4,139.3,15.85,1.58,1.4,G31
10/26/18,554,agouti,14:43,M,7/24/18,94,28.7,10.4,71,96.4,362.3,72.9,260.9,,NA,6.2,148.3,16.02,1.66,1.23,G31
10/26/18,555,agouti,15:12,M,7/24/18,94,26.1,10.1,72,74.2,237.6,39.9,241.6,,NA,5.6,136.4,15.54,1.45,1.26,G31
10/26/18,556,agouti,15:53,M,7/24/18,94,30.2,9.9,88,196,775.2,68.4,593,,no soleus found,NA,107.7,14.98,1.53,1.26,G31
10/26/18,557,agouti,16:29,M,7/24/18,94,31.9,10.1,89,367.2,1439.4,104.8,840.1,,NA,3.5,124.4,15.07,1.43,1.15,G31
10/22/18,558,agouti,10:39,F,7/24/18,90,32.9,10.6,97,219.1,1539.7,116.7,1014.8,,NA,6.2,134.2,15.69,1.52,1.31,G31
10/22/18,559,agouti,11:12,F,7/24/18,90,23.7,9.7,81,148.1,743.4,54.9,432.5,,NA,3.5,118.9,15.06,1.59,1.26,G31
10/22/18,560,agouti,11:38,F,7/24/18,90,28.4,10.2,105,151.2,727.7,112.3,618.1,,NA,6.5,162.4,15.37,1.61,1.28,G31
10/22/18,561,agouti,12:02,F,7/24/18,90,31.9,10.4,110,318.2,1619.7,78.3,693.2,,NA,6.2,139.4,16.9,1.62,1.39,G31
10/22/18,562,white,12:25,F,7/24/18,90,20.3,9.1,74,59.4,334.3,52.8,334.9,,NA,3.6,94.1,13.96,1.22,1.01,G31
10/23/18,563,agouti,10:33,F,7/24/18,91,23,9.5,55,76.6,609.5,39.3,302.3,,NA,6.7,118.4,15.23,1.48,1.16,G31
10/23/18,564,agouti,11:00,F,7/24/18,91,19.2,9.4,46,26.2,105.1,34.7,147.2,,NA,3.5,109.3,15.32,1.52,1.21,G31
10/23/18,565,agouti,11:27,F,7/24/18,91,28.2,10.7,60,113.3,563,59.8,254,,NA,4.6,138.5,16.26,1.63,1.24,G31
10/23/18,566,white,12:11,F,7/24/18,91,20.9,8.8,69,68.5,366.8,49.5,237.8,,moved from original box due to overcrowding,3.3,114,13.98,1.44,1.1,G31
10/23/18,567,white,12:51,F,7/24/18,91,23.1,9.5,60,82.5,320.9,72.6,268.7,,moved from original box due to overcrowding,3.5,101.4,15.16,1.59,1.25,G31
10/23/18,568,agouti,11:50,F,7/24/18,91,23.1,9.5,71,94,346,56.4,278,,NA,4,117.2,14.93,1.52,1.2,G31
10/24/18,569,agouti,10:36,F,7/24/18,92,32.5,10.4,89,237.3,892,113.7,533.1,,NA,6.9,158.4,16.76,1.5,1.4,G31
10/24/18,570,agouti,11:00,F,7/24/18,92,20.2,9,94,74.9,455.5,49.9,397.3,,NA,3.7,106.4,14.15,1.48,1.19,G31
10/24/18,571,agouti,11:22,F,7/24/18,92,21.8,9.7,77,38.2,211.4,55.5,224.9,,NA,2.9,127.1,14.52,1.42,1.15,G31
10/24/18,572,black,11:47,F,7/24/18,92,26.4,9.6,104,96.2,553.4,51.4,444.5,,NA,6.2,139.7,15.74,1.48,1.2,G31
10/24/18,573,black,12:18,F,7/24/18,92,30.9,10.3,97,284.9,1271.9,145,895.8,,NA,4.9,138.2,15.31,1.57,1.34,G31
10/26/18,574,agouti,10:52,F,7/24/18,94,20.1,9,63,74.4,368.9,52.3,337.8,,NA,4.2,95.8,14.29,1.48,1.19,G31
10/26/18,575,agouti,11:19,F,7/24/18,94,24.7,9.6,60,95.5,507.8,35.9,412.3,,NA,3.9,136.9,15.01,1.52,1.19,G31
10/26/18,576,black,11:57,F,7/24/18,94,21.1,9.8,45,101,317.9,73.6,244.7,,see weight records for weight loss,3.6,105.6,14.31,1.59,1.28,G31
10/26/18,577,black,12:25,F,7/24/18,94,26.7,10.1,54,110.6,543.3,63.1,303,,NA,5.1,141.4,15.1,1.69,1.33,G31
10/26/18,578,white,12:48,F,7/24/18,94,25.3,9.6,52,140.3,561.3,66,503.8,,NA,4.3,117.2,14.88,1.47,1.14,G31
1/7/19,579,agouti,13:29,M,10/9/18,90,27.5,10,106,135.9,422.9,88.3,349.8,,NA,4.1,140.6,15.04,1.64,1.23,G32
1/7/19,580,agouti,13:54,M,10/9/18,90,25.5,9.9,88,122.2,311.7,85.1,162.8,,NA,8.6,133,16.34,1.56,1.27,G32
1/7/19,581,agouti,14:28,M,10/9/18,90,31.5,10.2,110,191.4,155.4,75.2,759.2,,NA,3.6,130.5,15.35,1.54,1.22,G32
1/7/19,582,white,14:53,M,10/9/18,90,33.3,11,111,83.1,269.5,83.2,244.7,,NA,5.6,194,17.38,1.71,1.34,G32
1/7/19,583,agouti,15:25,M,10/9/18,90,33.1,10.1,102,333.6,1191,152,812.5,,NA,3.8,140.2,14.87,1.75,1.29,G32
1/8/19,584,white,13:46,M,10/9/18,91,30.2,10.6,81,184.7,932.7,59.1,394.8,,"weight loss-see weight/cage records, tail wounds",4.7,142.8,15.87,1.58,1.2,G32
1/8/19,585,white,14:08,M,10/9/18,91,27.4,10,93,116.4,386.7,47.8,236,,NA,4,150.4,15.15,1.54,1.21,G32
1/8/19,586,white,14:50,M,10/9/18,91,28.8,NA,76,68,367,67.6,237.2,,NA,6.3,141.3,16.12,1.73,1.3,G32
1/8/19,587,agouti,15:20,M,10/9/18,91,33.4,10.5,105,163.4,515.1,77.6,397.3,,weight loss-see weight/cage records,7,176.7,15.06,1.7,1.31,G32
1/8/19,588,agouti,15:54,M,10/9/18,91,35.1,10.8,122,404.6,1023.4,82.8,812.2,,NA,5.2,151.4,15.98,1.69,1.26,G32
1/9/19,589,agouti,14:02,M,10/9/18,92,38.1,11.3,60,292,847.1,152.7,853.5,,"R tibia broken, weight loss-see weight/cage records, prolapsed penis",6.8,156.2,16.62,1.58,1.31,G32
1/9/19,590,black,14:30,M,10/9/18,92,25.7,10.3,76,185.6,324.1,127.4,365.3,,weight loss-see weight/cage records,4.4,139.2,14.65,1.42,1.28,G32
1/9/19,591,white,15:03,M,10/9/18,92,27.1,10.1,103,52.8,288.8,45.6,221.9,,no thymus,5.6,142,15.33,1.68,1.16,G32
1/9/19,592,black,15:28,M,10/9/18,92,24.5,10.2,104,67.3,313.2,46.7,231.9,,NA,3.9,139.4,14.31,1.69,1.18,G32
1/9/19,593,black,15:59,M,10/9/18,92,36.7,10.4,124,268.7,1043.2,161.2,1021.6,,NA,6,155.9,15.6,1.73,1.28,G32
1/10/19,594,agouti,13:20,M,10/9/18,93,28.4,10.2,79,144.4,345.9,71.6,257.2,,NA,6.7,166,16.16,1.58,1.28,G32
1/10/19,595,agouti,13:45,M,10/9/18,93,34.9,10.7,59,189.6,882.2,152.9,880.8,,NA,8.5,148.4,15.74,1.67,1.48,G32
1/10/19,596,agouti,14:10,M,10/9/18,93,36.3,10.7,74,210,722.9,94.5,433,,NA,6.4,181.6,15.85,1.78,1.33,G32
1/10/19,597,black,14:36,M,10/9/18,93,29.4,10.3,102,140.6,760.7,116.1,360,,NA,4.4,129.1,15.81,1.56,1.2,G32
1/10/19,598,agouti,15:03,M,10/9/18,93,32.4,10.4,82,139.2,750.3,95.6,382,,NA,6,203.6,15.91,1.9,1.37,G32
1/7/19,599,agouti,10:41,F,10/9/18,90,26.4,10.3,100,139.7,737.9,60.6,589.6,,NA,6.1,127.6,15.65,1.55,1.07,G32
1/7/19,600,agouti,11:09,F,10/9/18,90,27.3,10.2,80,52.4,410.3,60,337.7,,NA,10.4,155.3,16.32,1.74,1.35,G32
1/7/19,601,agouti,11:36,F,10/9/18,90,29.1,10.1,81,252.6,1103.5,118.4,849.4,,NA,3.6,116.4,15.7,1.68,1.31,G32
1/7/19,602,agouti,11:59,F,10/9/18,90,23.5,9.9,87,166.1,35.4,47.8,171.2,,NA,4.8,133.3,15.5,1.57,1.25,G32
1/7/19,603,agouti,12:25,F,10/9/18,90,24.8,9.7,68,214.8,953.5,68.4,693.8,,NA,4.2,125.1,14.91,1.52,1.14,G32
1/8/19,604,agouti,10:43,F,10/9/18,91,28.2,10.2,75,149.4,482.4,58.4,325.8,,NA,7.1,142.6,15.44,1.5,1.24,G32
1/8/19,605,agouti,11:10,F,10/9/18,91,20.8,9.5,47,15.8,80.1,26.2,131,,NA,3.2,110.7,15.36,1.7,1.45,G32
1/8/19,606,agouti,11:32,F,10/9/18,91,25.3,10.2,64,13.9,90.2,57.3,172,,NA,4.2,109.5,15.63,1.5,1.32,G32
1/8/19,607,agouti,11:56,F,10/9/18,91,23.6,9.8,71,34.1,178.3,55.4,195.9,,NA,4.8,132.7,15.22,1.71,1.32,G32
1/8/19,608,white,12:31,F,10/9/18,91,29.3,10.4,43,69.6,401.7,86,322.5,,NA,6.6,146.7,16.36,1.54,1.24,G32
1/9/19,609,agouti,10:23,F,10/9/18,92,22.3,9.7,79,57.8,441.7,61.3,319,,NA,2,109.3,14.33,1.56,1.25,G32
1/9/19,610,agouti,11:03,F,10/9/18,92,25.5,9.7,136,36.2,286.1,43.3,239.8,,NA,6.1,133.8,16.14,1.52,1.19,G32
1/9/19,611,agouti,11:25,F,10/9/18,92,21.7,10.2,80,18,68.8,42.7,155.6,,NA,4.4,109.3,15.9,1.6,1.29,G32
1/9/19,612,agouti,11:48,F,10/9/18,92,25.3,10.2,87,84.9,297,45,428.4,,NA,1.5,133.7,16.04,1.66,1.29,G32
1/9/19,613,white,12:20,F,10/9/18,92,21.7,9.7,67,86.9,438.1,64,375.4,,NA,4.3,109.4,14.22,1.4,1.15,G32
1/10/19,614,agouti,10:28,F,10/9/18,93,25.4,9.9,86,71.1,284.8,75.2,305.5,,NA,4.7,118.6,15.13,1.85,1.32,G32
1/10/19,615,agouti,10:53,F,10/9/18,93,20.2,9.2,115,88.8,360.3,54.6,258.1,,NA,8.7,115.9,13.94,1.42,1.15,G32
1/10/19,616,agouti,11:16,F,10/9/18,93,24.6,10,97,89.2,541.3,64.9,503.1,,NA,6.3,128.3,16,1.54,1.12,G32
1/10/19,617,agouti,11:41,F,10/9/18,93,22.6,9.6,89,51.1,400.9,52.1,285.2,,NA,6.5,109,15.05,1.51,1.29,G32
1/10/19,618,white,12:05,F,10/9/18,93,20.4,9.5,85,122.4,856,83.3,444.2,,NA,4.2,98.7,14.03,1.4,1.07,G32
3/14/19,619,white,13:12,M,12/18/18,86,32.3,10.7,,69.5,302.8,51.8,210.2,,NA,4.9,178.2,16.47,1.63,1.36,G33
NA,620,agouti,NA,M,12/18/18,NA,NA,NA,NA,NA,NA,NA,NA,NA,used for breeding,NA,NA,NA,NA,NA,G33
3/14/19,621,white,13:40,M,12/18/18,86,38.3,10.4,132,306.8,986,169.1,766.8,,NA,3.8,159.2,16.15,1.7,1.37,G33
3/14/19,622,agouti,14:13,M,12/18/18,86,30.3,10.4,87,153.8,707.6,56.4,386,,NA,5,129,15.18,1.65,1.22,G33
3/14/19,623,white,14:52,M,12/18/18,86,34.4,10.6,89,304.7,1302.5,68.8,455.8,,2nd week coat rough as if sick or old,5,145.5,16.27,1.72,1.29,G33
3/14/19,624,white,15:23,M,12/18/18,86,24.2,NA,79,116.6,424.7,46.6,525.7,,"decapitated, lost R tibia",4.7,89,14.91,1.36,1.07,G33
NA,625,white,NA,M,12/18/18,NA,NA,NA,NA,NA,NA,NA,NA,NA,used for breeding,NA,NA,NA,NA,NA,G33
3/15/19,626,agouti,13:32,M,12/18/18,87,33.7,10.6,106,202,1076.5,140.7,635.7,,NA,5.4,190.5,16.5,1.63,1.34,G33
NA,627,black,NA,M,12/18/18,NA,NA,NA,NA,NA,NA,NA,NA,NA,used for breeding,NA,NA,NA,NA,NA,G33
3/15/19,628,white,14:12,M,12/18/18,87,25.4,10.3,76,53.8,320.4,47.4,156.9,,NA,2.5,133.6,15.1,1.8,1.15,G33
3/15/19,629,agouti,14:40,M,12/18/18,87,32.2,10.3,88,196.8,723.7,105.1,536.6,,NA,6.5,156.4,15.16,1.51,1.18,G33
NA,630,black,NA,M,12/18/18,NA,NA,NA,NA,NA,NA,NA,NA,NA,used for breeding,NA,NA,NA,NA,NA,G33
NA,631,white,NA,M,12/18/18,NA,NA,NA,NA,NA,NA,NA,NA,NA,used for breeding,NA,NA,NA,NA,NA,G33
3/15/19,632,agouti,15:15,M,12/18/18,87,31.7,10.3,102,255.7,996.3,70.9,477.4,,NA,7.5,150.8,15.47,1.53,1.29,G33
NA,633,black,NA,M,12/18/18,NA,NA,NA,NA,NA,NA,NA,NA,NA,used for breeding,NA,NA,NA,NA,NA,G33
NA,634,black,NA,M,12/18/18,NA,NA,NA,NA,NA,NA,NA,NA,NA,used for breeding,NA,NA,NA,NA,NA,G33
NA,635,agouti,NA,M,12/18/18,NA,NA,NA,NA,NA,NA,NA,NA,NA,used for breeding,NA,NA,NA,NA,NA,G33
3/15/19,636,agouti,15:45,M,12/18/18,87,29.2,10.4,101,120.4,444,93.7,361.8,,NA,5.4,145.4,15.41,1.56,1.28,G33
NA,637,agouti,NA,M,12/18/18,NA,NA,NA,NA,NA,NA,NA,NA,NA,used for breeding,NA,NA,NA,NA,NA,G33
NA,638,white,NA,M,12/18/18,NA,NA,NA,NA,NA,NA,NA,NA,NA,used for breeding,NA,NA,NA,NA,NA,G33
NA,639,agouti,NA,F,12/18/18,NA,NA,NA,NA,NA,NA,NA,NA,NA,used for breeding,NA,NA,NA,NA,NA,G33
3/14/19,640,agouti,10:25,F,12/18/18,86,27.6,10,111,181.9,850.2,79.3,510.7,,NA,6.4,131.3,15.36,1.6,1.4,G33
3/14/19,641,agouti,10:51,F,12/18/18,86,25.3,10,90,61.8,318,75.4,186.7,,NA,4.6,129.7,15.53,1.62,1.13,G33
3/14/19,642,black,11:16,F,12/18/18,86,20.3,9.3,121,0,88.6,28.7,86.1,,NA,4,100,14.6,1.46,1.08,G33
NA,643,white,NA,F,12/18/18,NA,NA,NA,NA,NA,NA,NA,NA,NA,used for breeding,NA,NA,NA,NA,NA,G33
NA,644,agouti,NA,F,12/18/18,NA,NA,NA,NA,NA,NA,NA,NA,NA,used for breeding,NA,NA,NA,NA,NA,G33
3/14/19,645,agouti,11:41,F,12/18/18,86,28.5,10.3,87,117.8,296.6,55.2,463.3,,NA,7.1,152.6,15.7,1.52,1.3,G33
NA,646,agouti,NA,F,12/18/18,NA,NA,NA,NA,NA,NA,NA,NA,NA,used for breeding,NA,NA,NA,NA,NA,G33
NA,647,black,NA,F,12/18/18,NA,NA,NA,NA,NA,NA,NA,NA,NA,used for breeding,NA,NA,NA,NA,NA,G33
NA,648,white,NA,F,12/18/18,NA,NA,NA,NA,NA,NA,NA,NA,NA,used for breeding,NA,NA,NA,NA,NA,G33
3/15/19,649,agouti,10:36,F,12/18/18,87,21.4,9.5,41,12,58.1,41.5,99.8,,fresh cage so no food crumbs ON,3.6,120,15.1,1.49,1.31,G33
3/15/19,650,agouti,11:01,F,12/18/18,87,24,9.7,56,109.8,334.3,42.1,320.8,,fresh cage so no food crumbs ON,6.2,132.1,15.23,1.64,1.35,G33
3/15/19,651,white,1125,F,12/18/18,87,25.5,10.5,92,26.7,122.5,40.8,181,,fresh cage so no food crumbs ON,1.8,137.6,16.59,1.49,1.25,G33
3/15/19,652,white,11:50,F,12/18/18,87,24.4,9.8,67,63.3,294.7,51.7,380.2,,fresh cage so no food crumbs ON,5.1,127.3,15.22,1.51,1.2,G33
3/15/19,653,white,12:10,F,12/18/18,87,21.4,9.9,71,16.9,99.4,32.6,118.4,,fresh cage so no food crumbs ON,5.3,111.3,14.8,1.56,1.25,G33
NA,654,agouti,NA,F,12/18/18,NA,NA,NA,NA,NA,NA,NA,NA,NA,used for breeding,,NA,NA,NA,NA,G33
NA,655,agouti,NA,F,12/18/18,NA,NA,NA,NA,NA,NA,NA,NA,NA,used for breeding,,NA,NA,NA,NA,G33
NA,656,agouti,NA,F,12/18/18,NA,NA,NA,NA,NA,NA,NA,NA,NA,used for breeding,,NA,NA,NA,NA,G33
NA,657,agouti,NA,F,12/18/18,NA,NA,NA,NA,NA,NA,NA,NA,NA,used for breeding,,NA,NA,NA,NA,G33
3/14/19,658,white,12:03,F,12/18/18,86,18.6,9.6,96,17.4,73.2,30.2,170.3,,NA,4.3,107.1,14,1.24,1.02,G33
3/26/2019,659,agouti,13:13,M,1/8/19,77,28.7,10.6,82,21.2,182.7,39.7,104.3,,NA,6.2,135,16.34,1.81,1.34,G33
3/26/2019,660,agouti,13:39,M,1/8/19,77,32.2,10.5,59,86,326.9,42.2,235.9,,broke L tibia,7.7,156.4,15.58,1.64,1.18,G33
3/26/2019,661,agouti,14:05,M,1/8/19,77,34.8,10.1,77,180.7,905.6,214.7,823.1,,NA,5.3,151.6,15.66,1.88,1.3,G33
3/26/2019,662,agouti,14:30,M,1/8/19,77,28.5,10,50,76.2,655.4,108.3,362.7,,broke L tibia,5.8,146.5,14.83,1.55,1.21,G33
3/26/2019,663,white,14:52,M,1/8/19,77,26.4,10.7,60,13.6,108.3,56.5,125.4,,NA,5.5,158.8,16.12,1.5,1.31,G33
3/27/2019,664,agouti,14:09,M,1/8/19,78,32.2,10.4,80,109.2,559.2,118.6,313.7,,broke L tibia,8.7,170.1,15.45,1.64,1.23,G33
3/27/2019,665,agouti,14:39,M,1/8/19,78,31.1,10.4,84,177.2,590.7,48.5,386.6,,NA,4.4,165.8,16.36,1.46,1.22,G33
3/27/2019,666,white,15:23,M,1/8/19,78,29.9,10.8,88,217.3,615.2,84.1,465.9,,NA,5.4,141.7,17.1,1.75,1.2,G33
3/27/2019,667,white,15:58,M,1/8/19,78,26.1,9.8,79,35,115.4,81.1,140.2,,NA,4.4,117.1,14.42,1.48,1.11,G33
3/27/2019,668,agouti,16:29,M,1/8/19,78,35.4,10.6,97,153,679.7,101.9,586.6,,broke L tibia,4.4,168.4,15.72,1.78,1.35,G33
3/28/2019,669,white,14:06,M,1/8/19,79,28.7,10.7,85,39.8,348.9,58.7,210.8,,NA,4.8,165.1,16.75,1.78,1.3,G33
3/28/2019,670,white,14:31,M,1/8/19,79,30.2,10.5,96,81.9,308.5,63.2,315.3,,NA,6.7,162.2,15.82,1.61,1.19,G33
3/28/2019,671,agouti,15:00,M,1/8/19,79,30.5,10.6,88,135.6,647.6,87.2,365.6,,NA,6.6,138.9,16.02,1.72,1.31,G33
3/28/2019,672,agouti,NA,M,1/8/19,79,28.5,10.4,110,33,252.8,38.2,194.8,,decapitated,2.7,142.9,15.58,1.57,1.12,G33
3/28/2019,673,black,15:50,M,1/8/19,79,26.9,10.2,79,37.1,231,38.6,174.5,,NA,4.7,140.6,14.87,1.42,1.29,G33
3/29/2019,674,black,13:10,M,1/8/19,80,27.3,10.5,70,70.2,379.6,112.3,407.5,,weight loss seen @ 2nd weighing. Gave water bottle and soft food. Teeth ok. Kept on bottle/sf,4.1,146.2,16.18,1.59,1.17,G33
3/29/2019,675,brown,13:40,M,1/8/19,80,30.8,10.2,106,125.4,545.2,71.8,374.1,,"R femur processed as R tibia for 72hrs then frozen in PBS as normally, R tibia processed as R femur for 72hrs then thawed and processed ON in 70% ETOH as normally done",6.1,168.7,15.15,1.74,1.34,G33
3/29/2019,676,brown,14:06,M,1/8/19,80,29.6,10.1,106,179.5,538.1,112,664.8,,NA,4.8,144,15.52,1.5,1.15,G33
3/29/2019,677,white,14:35,M,1/8/19,80,35.4,10.6,81,244,940.8,92.3,635.1,,NA,5.7,158,15.9,1.63,1.35,G33
3/29/2019,678,agouti,15:05,M,1/8/19,80,31,10.1,101,145.6,422.6,67.3,326.7,,NA,4.4,181.7,14.89,1.81,1.28,G33
3/26/2019,679,agouti,10:23,F,1/8/19,77,28.6,10.6,48,65.7,388.5,64.7,336.1,,NA,7.4,131.7,16.37,1.55,1.28,G33
3/26/2019,680,agouti,10:47,F,1/8/19,77,20.6,9.4,60,45.8,136.7,49.9,200.1,,NA,2.1,99,15.11,15.8,1.18,G33
3/26/2019,681,agouti,11:11,F,1/8/19,77,25.5,9.9,82,133.5,557.5,51.9,399.9,,NA,3.3,127.5,15.24,1.66,1.32,G33
3/26/2019,682,agouti,11:35,F,1/8/19,77,25.2,9.7,68,95.5,450.6,81.6,315.6,,NA,4.7,108.6,15.63,1.54,1.29,G33
3/26/2019,683,black,12:04,F,1/8/19,77,20.4,9.3,58,70,197.2,41.4,229.3,,NA,7.5,120.9,14.21,1.63,1.2,G33
3/27/2019,684,agouti,10:48,F,1/8/19,78,25.1,10,70,118.4,331.4,76.5,565.8,,NA,3.7,129.1,15.33,1.45,1.18,G33
3/27/2019,685,agouti,11:22,F,1/8/19,78,25.2,10.6,53,9.4,45,42.1,117.8,,NA,6.6,130,16.09,1.69,1.38,G33
3/27/2019,686,agouti,12:00,F,1/8/19,78,23.6,9.8,49,26.2,116.1,31.7,153.9,,NA,5.5,116.7,15.11,1.43,1.16,G33
3/27/2019,687,black,12:30,F,1/8/19,78,23.4,10,87,33.8,163.4,41.6,133.7,,NA,6.2,133.9,15.59,1.56,1.19,G33
3/27/2019,688,black,13:03,F,1/8/19,78,25.7,10.4,24,13.5,63.5,44.9,104.1,,NA,5,140.7,15.91,1.66,1.3,G33
3/28/2019,689,agouti,11:05,F,1/8/19,79,26.6,10.1,80,171,631.4,71.6,442.3,,NA,6.2,128,15.24,1.4,1.17,G33
3/28/2019,690,black,11:33,F,1/8/19,79,20.8,9.8,77,8.1,51.2,41.6,118.8,,NA,3.9,115.8,15.47,1.71,1.26,G33
3/28/2019,691,black,12:00,F,1/8/19,79,22.8,10,113,53.5,374.1,62.8,326.1,,NA,5.6,136.8,15.28,1.58,1.24,G33
3/28/2019,692,white,12:28,F,1/8/19,79,21.5,9.8,73,22.5,119.6,56.4,169.7,,NA,4.5,121.1,15.45,1.51,1.19,G33
3/28/2019,693,white,12:56,F,1/8/19,79,31.7,10.1,127,121.2,892.2,106.5,748.8,,NA,5.7,126.6,16.1,1.53,1.28,G33
3/29/2019,694,agouti blaze,10:30,F,1/8/19,80,24.9,9.6,104,190.8,623.7,103.5,715.8,,NA,5.5,117.1,14.02,1.43,1.18,G33
3/29/2019,695,agouti,10:54,F,1/8/19,80,18.3,9.4,74,39.1,150.5,46.7,203.8,,NA,4.4,98.5,14.67,1.55,1.15,G33
3/29/2019,696,white,11:20,F,1/8/19,80,24.5,9.9,75,39.3,241,50.1,322.9,,NA,3.9,129.9,16,1.66,1.26,G33
3/29/2019,697,white,11:46,F,1/8/19,80,25.2,9.8,84,176.5,754.5,85.2,667.8,,NA,4.8,117.8,14.34,1.43,1.5,G33
3/29/2019,698,white,12:10,F,1/8/19,80,28.3,10.3,93,105.6,819.6,50.6,660.4,,NA,6,165.4,15.74,1.57,1.26,G33
,699,,,,,,,,,,,,,,,,,,,,G34
,700,,,,,,,,,,,,,,,,,,,,G34
,701,,,,,,,,,,,,,,,,,,,,G34
,702,,,,,,,,,,,,,,,,,,,,G34
,703,,,,,,,,,,,,,,,,,,,,G34
,704,,,,,,,,,,,,,,,,,,,,G34
,705,,,,,,,,,,,,,,,,,,,,G34
,706,,,,,,,,,,,,,,,,,,,,G34
,707,,,,,,,,,,,,,,,,,,,,G34
,708,,,,,,,,,,,,,,,,,,,,G34
,709,,,,,,,,,,,,,,,,,,,,G34
,710,,,,,,,,,,,,,,,,,,,,G34
,711,,,,,,,,,,,,,,,,,,,,G34
,712,,,,,,,,,,,,,,,,,,,,G34
,713,,,,,,,,,,,,,,,,,,,,G34
,714,,,,,,,,,,,,,,,,,,,,G34
,715,,,,,,,,,,,,,,,,,,,,G34
,716,,,,,,,,,,,,,,,,,,,,G34
,717,,,,,,,,,,,,,,,,,,,,G34
,718,,,,,,,,,,,,,,,,,,,,G34
,719,,,,,,,,,,,,,,,,,,,,G34
,720,,,,,,,,,,,,,,,,,,,,G34
,721,,,,,,,,,,,,,,,,,,,,G34
,722,,,,,,,,,,,,,,,,,,,,G34
,723,,,,,,,,,,,,,,,,,,,,G34
,724,,,,,,,,,,,,,,,,,,,,G34
,725,,,,,,,,,,,,,,,,,,,,G34
,726,,,,,,,,,,,,,,,,,,,,G34
,727,,,,,,,,,,,,,,,,,,,,G34
,728,,,,,,,,,,,,,,,,,,,,G34
,729,,,,,,,,,,,,,,,,,,,,G34
,730,,,,,,,,,,,,,,,,,,,,G34
,731,,,,,,,,,,,,,,,,,,,,G34
,732,,,,,,,,,,,,,,,,,,,,G34
,733,,,,,,,,,,,,,,,,,,,,G34
,734,,,,,,,,,,,,,,,,,,,,G34
,735,,,,,,,,,,,,,,,,,,,,G34
,736,,,,,,,,,,,,,,,,,,,,G34
,737,,,,,,,,,,,,,,,,,,,,G34
,738,,,,,,,,,,,,,,,,,,,,G34