Mouse,Gender,Batch,Femur length (mm),BV/TV (%),BMD (mgHA/cm3),BS/BV (mm2/mm3),Conn.D. (1/mm3),SMI,Tb.N (1/mm),Tb.Th (mm),Tb.Sp (mm),Ct.Ar[mm2],Ma.Ar[mm2],Tt.Ar[mm2],Ct.Ar/Tt.Ar (%),Ct.Th (mm),Ct.TMD (mgHA/cm3),Cort. Porosity (%),pMOI[mm4],Imax[mm4],Imin[mm4]
1,M,1,15.78,7.08,120,38.41,30,1.988,1.22,0.067,0.865,0.684,0.705,1.389,49.26,0.184,1214,0.285,0.233,0.186,0.152
2,M,1,13.93,4.74,118,41.30,29,2.250,1.25,0.063,0.837,0.577,0.569,1.146,50.36,0.172,1209,0.385,0.160,0.132,0.112
3,M,1,15.78,13.69,203,46.94,121,2.094,3.63,0.055,0.281,1.007,0.900,1.906,52.81,0.242,1242,0.286,0.476,0.330,0.239
4,M,1,15.23,14.27,211,50.88,142,2.096,4.17,0.051,0.241,0.853,0.664,1.518,56.23,0.224,1267,0.269,0.308,0.241,0.180
5,M,1,14.53,17.02,218,48.41,155,1.763,4.50,0.052,0.221,0.832,1.040,1.872,44.43,0.182,1190,0.337,0.430,0.294,0.192
6,M,1,14.43,15.32,218,58.20,200,2.286,5.26,0.046,0.185,0.775,0.734,1.509,51.36,0.208,1193,0.460,0.270,0.206,0.153
7,M,1,14.68,6.75,155,61.25,54,3.221,3.77,0.044,0.266,0.655,0.592,1.246,52.51,0.191,1247,0.329,0.193,0.159,0.127
8,M,1,14.48,6.47,137,52.93,23,2.917,2.78,0.051,0.366,0.599,0.608,1.207,49.60,0.174,1245,0.339,0.174,0.152,0.127
9,M,1,15.23,24.03,289,45.49,246,1.588,5.71,0.056,0.161,1.102,0.936,2.037,54.07,0.221,1213,0.306,0.530,0.342,0.282
10,M,1,15.13,13.57,212,59.23,178,2.392,5.08,0.045,0.193,0.790,0.431,1.221,64.73,0.241,1249,0.326,0.217,0.190,0.143
11,M,1,15.03,2.96,104,61.80,24,2.411,1.65,0.040,0.611,0.580,0.711,1.291,44.92,0.158,1205,0.322,0.189,0.156,0.133
12,M,1,14.43,8.07,150,55.80,78,2.529,3.27,0.046,0.318,0.715,0.738,1.453,49.19,0.186,1228,0.330,0.254,0.200,0.171
13,M,1,14.23,3.66,111,70.57,25,3.425,2.98,0.041,0.339,0.613,0.429,1.043,58.82,0.204,1238,0.328,0.147,0.131,0.112
14,M,1,13.53,3.65,110,55.43,13,3.068,1.93,0.048,0.531,0.498,0.584,1.082,46.00,0.150,1207,0.403,0.133,0.117,0.102
15,F,1,14.03,13.28,221,54.44,117,2.701,4.83,0.050,0.204,0.690,0.477,1.167,59.13,0.212,1274,0.321,0.183,0.159,0.132
16,F,1,14.93,20.46,265,44.34,188,1.755,5.31,0.057,0.192,0.710,0.496,1.206,58.91,0.216,1262,0.282,0.196,0.168,0.132
17,F,1,15.03,23.83,301,44.66,259,1.660,5.73,0.057,0.169,1.041,0.790,1.830,56.85,0.240,1211,0.261,0.440,0.301,0.260
18,F,1,14.68,22.37,267,50.07,301,1.499,5.89,0.050,0.162,0.792,0.719,1.511,52.41,0.196,1209,0.297,0.288,0.219,0.177
19,F,1,15.78,18.95,256,43.24,137,2.246,4.86,0.062,0.209,0.824,0.602,1.426,57.76,0.226,1274,0.270,0.273,0.218,0.172
20,F,1,15.13,14.21,210,45.97,113,1.890,3.64,0.052,0.285,0.714,0.589,1.304,54.78,0.205,1262,0.274,0.215,0.168,0.164
21,F,1,16.28,17.70,251,45.53,137,2.403,4.74,0.061,0.210,1.019,0.869,1.888,53.97,0.238,1257,0.280,0.444,0.304,0.256
22,F,1,14.00,10.02,168,42.39,78,1.721,2.03,0.058,0.540,0.724,0.667,1.392,52.05,0.197,1247,0.325,0.244,0.193,0.159
23,F,1,14.83,12.29,200,51.48,96,2.383,4.23,0.051,0.238,0.699,0.414,1.113,62.81,0.227,1248,0.304,0.175,0.162,0.120
24,F,1,15.73,7.92,169,54.11,49,3.163,3.36,0.055,0.304,0.873,0.787,1.660,52.58,0.218,1247,0.235,0.348,0.254,0.201
25,F,1,13.68,5.83,132,50.05,32,2.437,2.34,0.052,0.439,0.600,0.746,1.346,44.56,0.161,1178,0.312,0.206,0.159,0.129
26,F,1,14.68,37.86,394,32.82,213,0.152,6.40,0.069,0.146,1.026,0.750,1.776,57.76,0.252,1258,0.199,0.423,0.292,0.234
27,F,1,14.13,11.08,189,47.72,76,2.148,3.09,0.053,0.330,0.617,0.666,1.284,48.09,0.171,1239,0.387,0.198,0.168,0.132
28,F,1,14.63,9.20,171,40.89,38,2.610,2.90,0.063,0.361,0.635,0.446,1.082,58.74,0.201,1231,0.324,0.158,0.144,0.113
29,M,1,14.73,14.51,210,51.42,143,2.267,4.28,0.052,0.236,0.949,0.931,1.880,50.47,0.223,1244,0.332,0.443,0.297,0.226
30,M,1,15.43,11.14,192,50.46,92,2.269,3.37,0.050,0.305,0.774,0.785,1.559,49.64,0.200,1241,0.300,0.296,0.219,0.183
31,M,1,15.53,9.75,159,52.68,99,2.268,3.11,0.051,0.329,0.697,0.876,1.573,44.34,0.171,1191,0.280,0.276,0.209,0.165
32,M,1,15.18,14.92,213,51.89,150,2.251,4.46,0.051,0.219,1.074,0.893,1.967,54.59,0.254,1240,0.296,0.496,0.338,0.255
33,M,1,14.78,18.40,235,50.65,177,1.559,5.14,0.049,0.188,0.816,1.035,1.851,44.10,0.186,1175,0.331,0.382,0.259,0.219
34,M,1,15.10,17.08,226,47.78,164,1.790,4.14,0.053,0.242,0.933,0.935,1.868,49.94,0.216,1230,0.314,0.428,0.286,0.242
35,M,1,15.58,6.36,134,49.01,31,2.428,2.29,0.055,0.443,0.926,1.131,2.057,45.03,0.198,1215,0.325,0.467,0.280,0.264
36,M,1,14.68,24.20,287,43.44,205,1.368,5.48,0.055,0.171,0.907,0.912,1.819,49.89,0.217,1222,0.295,0.427,0.303,0.198
37,M,1,14.38,21.13,265,40.01,116,1.533,4.61,0.063,0.206,0.948,0.986,1.934,49.03,0.216,1196,0.268,0.473,0.325,0.232
38,M,1,16.14,8.35,160,68.70,93,2.774,4.02,0.041,0.246,0.994,0.808,1.803,55.17,0.203,1214,0.901,0.434,0.297,0.232
39,M,1,15.38,15.52,226,41.66,85,2.003,3.86,0.062,0.259,0.859,0.639,1.498,57.34,0.228,1242,0.260,0.307,0.250,0.185
40,M,1,15.23,27.08,318,35.29,126,1.150,5.20,0.070,0.187,0.984,0.790,1.775,55.46,0.234,1200,0.418,0.419,0.303,0.230
41,M,1,16.04,12.11,197,51.63,97,2.684,4.12,0.057,0.239,1.063,0.967,2.029,52.37,0.254,1286,0.222,0.512,0.350,0.268
42,M,1,15.88,8.76,156,61.90,86,2.721,3.94,0.045,0.253,0.752,0.895,1.647,45.64,0.184,1203,0.287,0.320,0.237,0.170
43,F,1,14.33,19.27,260,48.10,200,1.987,5.18,0.053,0.190,0.779,0.640,1.419,54.90,0.215,1272,0.292,0.260,0.202,0.166
44,F,1,15.53,21.62,282,41.91,156,1.562,4.86,0.060,0.212,0.920,0.626,1.546,59.52,0.238,1289,0.262,0.322,0.247,0.193
45,F,1,15.63,8.41,165,39.58,34,1.904,1.83,0.065,0.572,0.937,0.596,1.534,61.11,0.255,1296,0.258,0.335,0.250,0.188
46,F,1,13.88,12.51,198,45.13,62,2.235,3.63,0.058,0.277,0.663,0.662,1.325,50.01,0.179,1244,0.252,0.217,0.173,0.137
47,F,1,14.63,20.09,263,43.94,163,1.733,4.67,0.058,0.210,0.650,0.487,1.136,57.18,0.203,1280,0.291,0.173,0.157,0.124
48,F,1,13.89,9.12,178,48.25,74,2.345,2.92,0.055,0.348,0.744,0.526,1.270,58.60,0.217,1238,0.269,0.217,0.174,0.146
49,F,1,15.68,13.92,188,44.16,120,2.231,3.55,0.059,0.291,0.906,0.862,1.768,51.26,0.218,1307,0.247,0.381,0.266,0.239
50,F,1,14.63,26.25,309,41.00,258,1.319,5.82,0.059,0.174,0.745,0.463,1.208,61.66,0.226,1245,0.224,0.203,0.177,0.140
51,F,1,14.83,15.54,225,39.66,86,2.038,3.70,0.064,0.279,0.819,0.694,1.513,54.16,0.212,1244,0.231,0.295,0.229,0.181
52,F,1,14.68,29.06,319,39.75,278,1.020,5.94,0.061,0.170,0.924,0.736,1.659,55.66,0.225,1228,0.332,0.371,0.276,0.203
53,F,1,15.98,24.80,294,40.69,246,1.524,5.35,0.063,0.188,1.003,0.852,1.856,54.08,0.235,1268,0.230,0.442,0.303,0.251
54,F,1,15.23,46.84,452,28.95,238,-0.783,7.37,0.074,0.126,1.075,0.920,1.996,53.88,0.208,1177,0.350,0.499,0.327,0.262
55,F,1,15.18,17.49,244,42.21,122,1.945,4.06,0.061,0.248,0.949,0.718,1.667,56.92,0.241,1279,0.235,0.368,0.274,0.223
56,F,1,15.63,37.11,424,26.79,116,0.711,5.46,0.090,0.179,1.081,0.925,2.006,53.88,0.247,1275,0.294,0.551,0.368,0.256
57,M,2,14.68,4.94,124,55.35,42,2.679,2.390,0.049,0.428,0.607,0.654,1.261,48.16,0.174,1239,0.294,0.185,0.101,0.084
58,M,2,14.66,6.01,136,69.95,52,3.316,3.873,0.041,0.258,0.729,0.695,1.424,51.18,0.196,1215,0.301,0.249,0.143,0.107
59,M,2,14.55,9.80,182,61.53,102,2.915,4.422,0.046,0.228,0.770,0.532,1.301,59.15,0.226,1242,0.241,0.233,0.148,0.085
60,M,2,15.03,6.47,132,58.53,48,2.552,2.460,0.045,0.414,0.693,0.732,1.425,48.65,0.181,1182,0.404,0.252,0.168,0.085
61,M,2,14.53,17.80,244,50.05,179,2.026,4.875,0.052,0.201,0.676,0.695,1.371,49.33,0.188,1175,0.352,0.235,0.151,0.084
62,M,2,14.43,14.19,216,54.81,160,2.166,4.540,0.048,0.221,0.860,0.642,1.502,57.24,0.232,1224,0.314,0.304,0.190,0.114
63,M,2,13.83,5.55,123,64.02,43,2.952,2.954,0.044,0.348,0.567,0.706,1.274,44.53,0.156,1204,0.446,0.180,0.102,0.077
64,M,2,13.68,11.63,178,63.81,146,2.410,4.657,0.041,0.211,0.618,0.911,1.529,40.41,0.157,1130,0.668,0.254,0.152,0.103
65,M,2,15.33,11.01,171,60.11,128,2.336,4.100,0.044,0.245,0.614,0.883,1.497,41.00,0.154,1186,0.361,0.238,0.145,0.093
66,M,2,15.73,12.60,192,55.80,126,2.345,4.578,0.046,0.217,0.785,0.637,1.423,55.19,0.211,1243,0.246,0.272,0.183,0.090
67,M,2,13.83,17.62,235,54.01,211,2.032,5.267,0.048,0.185,0.709,0.860,1.569,45.19,0.183,1203,0.321,0.296,0.201,0.094
68,M,2,15.68,10.46,167,57.61,105,2.464,3.852,0.047,0.261,1.068,1.144,2.212,48.29,0.229,1242,0.253,0.591,0.371,0.220
69,M,2,15.27,15.03,206,51.30,132,2.056,4.538,0.050,0.218,0.830,0.800,1.629,50.93,0.214,1248,0.259,0.324,0.180,0.145
70,M,2,14.83,16.11,225,51.95,162,2.046,4.702,0.051,0.205,0.651,0.703,1.353,48.09,0.177,1214,0.333,0.219,0.132,0.087
71,M,2,15.10,9.31,175,61.71,84,2.907,4.273,0.045,0.234,0.805,0.475,1.280,62.92,0.239,1263,0.276,0.230,0.140,0.090
72,M,2,14.93,14.77,210,51.91,136,2.416,4.676,0.051,0.213,0.784,0.789,1.573,49.87,0.198,1202,0.364,0.299,0.176,0.124
73,F,2,15.03,8.90,171,55.73,77,2.890,3.506,0.051,0.289,0.663,0.629,1.292,51.35,0.189,1220,0.273,0.204,0.114,0.090
74,F,2,14.78,24.84,294,40.43,217,1.291,5.140,0.060,0.198,0.855,0.884,1.739,49.17,0.203,1225,0.303,0.363,0.214,0.150
75,F,2,15.88,17.03,238,40.39,98,2.210,4.016,0.066,0.251,0.740,0.641,1.381,53.57,0.201,1257,0.332,0.245,0.153,0.092
76,F,2,15.23,12.33,206,49.40,84,2.514,3.948,0.055,0.255,0.925,0.495,1.420,65.15,0.260,1251,0.277,0.283,0.161,0.123
77,F,2,14.73,25.06,297,39.77,213,1.481,5.088,0.062,0.196,0.748,0.704,1.453,51.53,0.193,1200,0.300,0.259,0.148,0.111
78,F,2,15.58,7.11,144,48.12,50,2.708,2.910,0.054,0.350,0.691,0.770,1.461,47.31,0.180,1213,0.315,0.251,0.154,0.096
79,F,2,15.13,26.33,317,40.09,182,1.313,5.586,0.062,0.170,0.804,0.776,1.580,50.89,0.192,1249,0.235,0.303,0.176,0.127
80,F,2,15.18,9.77,190,52.64,39,3.290,3.959,0.057,0.254,0.794,0.563,1.357,58.48,0.225,1271,0.336,0.250,0.159,0.091
81,F,2,14.88,11.47,179,45.15,89,2.304,3.341,0.060,0.305,0.713,0.848,1.561,45.68,0.175,1238,0.330,0.284,0.182,0.103
82,F,2,14.83,14.84,218,51.72,159,2.587,4.890,0.052,0.205,0.762,0.662,1.424,53.49,0.205,1226,0.280,0.262,0.166,0.096
83,F,2,15.28,16.55,231,46.24,143,2.205,4.631,0.056,0.218,0.643,0.824,1.467,43.85,0.168,1226,0.299,0.236,0.134,0.102
84,F,2,14.53,15.44,223,41.80,85,2.005,3.631,0.063,0.281,0.756,0.548,1.305,57.98,0.217,1191,0.236,0.225,0.130,0.096
85,F,2,14.43,18.45,246,45.56,159,1.886,4.769,0.055,0.209,0.761,0.706,1.467,51.85,0.202,1226,0.267,0.267,0.158,0.108
86,F,2,14.18,21.34,273,38.62,141,1.400,4.487,0.063,0.227,0.783,0.717,1.500,52.23,0.205,1255,0.185,0.278,0.158,0.119
87,F,2,14.73,16.98,231,45.39,146,1.986,4.472,0.057,0.228,0.683,0.535,1.218,56.08,0.198,1223,0.202,0.190,0.099,0.091
88,F,2,14.68,26.48,298,44.00,237,1.195,5.977,0.055,0.160,0.792,0.637,1.430,55.42,0.209,1226,0.271,0.260,0.146,0.114
89,M,2,15.32,23.83,293,45.03,228,1.751,5.661,0.057,0.162,0.916,0.839,1.755,52.17,0.225,1216,0.330,0.398,0.262,0.136
90,M,2,15.28,9.95,162,56.90,121,2.508,3.495,0.047,0.296,0.658,0.794,1.452,45.31,0.170,1205,0.303,0.243,0.151,0.091
91,M,2,14.77,12.22,187,63.26,138,2.586,5.210,0.042,0.192,0.707,0.830,1.536,46.00,0.178,1229,0.315,0.273,0.166,0.107
92,M,2,15.38,11.50,185,62.63,129,2.629,4.757,0.043,0.207,0.822,0.792,1.614,50.91,0.203,1230,0.311,0.341,0.240,0.101
93,M,2,15.03,12.30,191,52.75,100,2.022,3.709,0.050,0.271,0.665,0.879,1.545,43.07,0.167,1219,0.320,0.261,0.156,0.104
94,M,2,16.69,12.86,186,54.87,123,2.598,4.559,0.050,0.217,0.867,1.183,2.050,42.30,0.191,1183,0.291,0.469,0.306,0.163
95,M,2,14.28,26.64,313,41.05,224,1.431,5.587,0.062,0.163,1.035,0.731,1.766,58.59,0.218,1208,0.887,0.432,0.263,0.169
96,M,2,15.18,19.11,245,52.39,213,1.980,5.688,0.049,0.168,0.789,0.694,1.483,53.22,0.193,1204,0.324,0.275,0.167,0.108
97,M,2,14.06,6.66,124,50.00,33,2.401,2.191,0.054,0.459,0.634,0.641,1.276,49.73,0.176,1222,0.226,0.198,0.122,0.076
98,M,2,15.23,11.82,177,57.74,133,2.233,3.990,0.045,0.253,0.693,0.960,1.653,41.91,0.167,1181,0.425,0.296,0.179,0.116
99,M,2,15.53,6.46,133,56.18,34,2.725,2.947,0.048,0.344,0.903,0.870,1.773,50.95,0.221,1232,0.320,0.397,0.256,0.141
100,M,2,15.18,22.79,266,45.91,219,1.559,5.484,0.056,0.171,0.960,0.908,1.868,51.40,0.230,1195,0.279,0.436,0.268,0.168
101,M,2,15.38,10.68,175,54.10,86,2.149,3.444,0.048,0.296,0.719,0.794,1.513,47.53,0.192,1232,0.289,0.281,0.189,0.092
102,M,2,16.03,16.66,234,50.43,164,2.271,4.826,0.054,0.201,0.886,0.594,1.479,59.87,0.250,1272,0.322,0.301,0.190,0.111
103,M,2,14.73,10.61,179,54.62,81,2.413,3.886,0.050,0.252,0.858,1.106,1.964,43.67,0.189,1247,0.320,0.438,0.279,0.159
104,M,2,14.18,10.29,180,63.60,114,2.636,4.571,0.042,0.218,0.688,0.633,1.321,52.08,0.195,1244,0.275,0.219,0.131,0.088
105,F,2,14.63,18.06,241,45.96,177,1.847,4.903,0.053,0.208,0.573,0.599,1.172,48.87,0.167,1232,0.311,0.162,0.089,0.073
106,F,2,14.93,16.00,228,40.18,62,1.542,3.574,0.061,0.278,0.840,0.896,1.737,48.40,0.199,1203,0.391,0.362,0.223,0.139
107,F,2,14.53,12.87,192,53.43,152,2.369,4.272,0.049,0.238,0.687,0.814,1.501,45.79,0.173,1229,0.286,0.259,0.161,0.099
108,F,2,14.48,6.12,140,52.89,26,2.812,2.691,0.051,0.375,0.653,0.482,1.136,57.52,0.201,1240,0.313,0.171,0.103,0.069
109,F,2,14.93,19.33,252,41.29,172,1.276,3.990,0.059,0.263,0.743,0.595,1.337,55.55,0.208,1232,0.208,0.238,0.151,0.087
110,F,2,15.63,24.39,296,42.18,195,1.569,5.605,0.059,0.172,0.908,0.923,1.831,49.58,0.211,1239,0.194,0.399,0.227,0.172
111,F,2,14.03,15.90,231,49.26,125,2.322,4.497,0.056,0.224,0.705,0.361,1.066,66.13,0.234,1291,0.455,0.162,0.094,0.067
112,F,2,14.48,10.95,191,45.14,53,2.529,3.490,0.061,0.293,0.716,0.510,1.226,58.37,0.213,1249,0.241,0.201,0.118,0.083
113,F,2,15.43,12.93,193,47.21,98,2.515,3.827,0.058,0.265,0.721,0.668,1.390,51.90,0.196,1249,0.297,0.243,0.148,0.095
114,F,2,14.93,5.60,128,52.90,37,2.369,2.184,0.050,0.466,0.616,0.647,1.263,48.80,0.175,1232,0.270,0.191,0.115,0.076
115,F,2,15.58,9.88,178,51.10,58,2.762,3.651,0.055,0.276,0.834,0.547,1.380,60.40,0.239,1267,0.269,0.260,0.154,0.106
116,F,2,15.18,13.93,212,53.52,137,2.482,4.578,0.051,0.215,0.822,0.669,1.490,55.13,0.227,1256,0.282,0.287,0.174,0.113
117,F,2,14.58,19.23,257,39.76,100,1.766,4.111,0.065,0.252,0.725,0.705,1.430,50.71,0.198,1245,0.290,0.251,0.154,0.097
118,F,2,15.33,21.18,273,40.59,142,1.567,4.360,0.062,0.223,0.891,0.568,1.459,61.08,0.244,1275,0.222,0.300,0.195,0.105
119,F,2,15.03,16.70,232,44.59,141,1.988,4.040,0.059,0.253,0.952,0.788,1.740,54.72,0.208,1245,0.617,0.388,0.234,0.154
120,F,2,14.83,19.07,257,45.73,173,2.124,4.833,0.058,0.208,1.033,0.596,1.629,63.41,0.258,1260,0.412,0.375,0.232,0.143
121,M,3,15.37,11.63,186,63.27,123,2.639,4.803,0.045,0.207,0.848,1.196,2.043,41.50,0.185,1208,0.344,0.450,0.273,0.177
122,M,3,15.27,17.48,234,45.37,133,1.967,4.299,0.059,0.231,0.771,0.826,1.597,48.28,0.198,1226,0.352,0.304,0.186,0.117
123,M,3,16.08,12.41,193,53.80,119,2.590,4.432,0.051,0.223,0.805,0.720,1.525,52.77,0.206,1214,0.374,0.294,0.179,0.115
124,M,3,15.23,19.56,260,44.61,184,1.807,4.427,0.059,0.219,0.971,0.871,1.842,52.71,0.228,1250,0.211,0.435,0.280,0.156
125,M,3,15.33,38.39,390,35.65,337,0.440,7.465,0.066,0.130,0.957,0.845,1.801,53.11,0.231,1217,0.272,0.411,0.246,0.165
126,M,3,15.71,19.44,249,44.33,180,1.513,4.234,0.057,0.240,0.837,0.767,1.604,52.19,0.212,1244,0.326,0.319,0.184,0.135
127,M,3,15.23,28.10,318,39.89,232,1.102,5.494,0.062,0.171,1.046,0.968,2.014,51.93,0.248,1197,0.333,0.504,0.314,0.190
128,M,3,15.15,21.68,276,45.78,187,1.648,5.172,0.056,0.183,1.099,0.828,1.928,57.04,0.258,1239,0.251,0.487,0.282,0.205
129,M,3,15.53,8.10,149,60.71,72,2.570,3.294,0.045,0.311,0.971,1.004,1.975,49.16,0.216,1229,0.311,0.474,0.293,0.181
132,M,3,14.04,8.17,155,48.67,74,1.960,1.861,0.053,0.546,0.731,0.682,1.414,51.73,0.198,1246,0.329,0.250,0.153,0.097
133,M,3,15.08,14.12,194,45.95,91,1.709,3.365,0.054,0.296,0.734,0.715,1.449,50.67,0.198,1237,0.309,0.259,0.157,0.102
134,M,3,14.99,20.14,252,51.21,245,1.908,5.700,0.050,0.165,0.757,0.675,1.432,52.85,0.202,1230,0.351,0.268,0.177,0.091
135,M,3,14.88,12.74,190,61.64,161,2.590,5.131,0.045,0.189,0.822,0.841,1.663,49.42,0.201,1217,0.432,0.342,0.222,0.121
136,M,3,15.18,18.57,234,47.51,176,1.453,3.985,0.052,0.254,0.800,0.858,1.658,48.24,0.197,1194,0.290,0.330,0.202,0.127
137,F,3,14.24,13.29,196,48.44,108,1.925,3.034,0.055,0.351,0.594,0.496,1.090,54.52,0.184,1204,0.267,0.153,0.094,0.060
138,F,3,14.61,13.73,203,43.43,80,2.484,3.835,0.063,0.264,0.630,0.842,1.472,42.80,0.157,1239,0.310,0.233,0.130,0.103
139,F,3,13.93,27.18,320,36.95,176,0.969,5.118,0.066,0.202,0.787,0.570,1.357,58.01,0.220,1237,0.286,0.252,0.162,0.090
140,F,3,14.83,20.21,275,38.59,118,1.660,4.202,0.066,0.249,0.880,0.712,1.592,55.27,0.232,1264,0.255,0.340,0.223,0.117
141,F,3,15.16,26.32,317,38.54,181,1.471,5.389,0.066,0.179,0.971,0.742,1.713,56.70,0.230,1211,0.339,0.386,0.235,0.151
142,F,3,14.03,9.51,166,52.53,76,2.401,3.231,0.051,0.316,0.815,0.863,1.678,48.57,0.197,1213,0.310,0.336,0.207,0.129
143,F,3,14.98,16.14,241,48.59,123,2.403,4.510,0.057,0.220,0.663,0.470,1.134,58.52,0.199,1264,0.229,0.174,0.108,0.066
145,F,3,14.66,5.20,122,48.23,37,2.465,2.052,0.053,0.497,0.634,0.619,1.253,50.60,0.181,1244,0.341,0.191,0.112,0.079
146,F,3,14.58,29.36,336,42.26,277,1.117,6.356,0.060,0.148,0.806,0.588,1.393,57.83,0.226,1269,0.277,0.266,0.171,0.095
147,F,3,14.39,27.61,326,39.97,202,1.035,5.463,0.061,0.173,0.781,0.710,1.491,52.37,0.206,1231,0.297,0.279,0.167,0.112
148,F,3,14.48,12.43,213,47.51,74,2.807,3.960,0.058,0.256,0.856,0.374,1.230,69.61,0.273,1290,0.258,0.224,0.137,0.086
149,F,3,15.38,30.51,346,36.73,191,0.891,5.535,0.066,0.172,0.873,0.669,1.542,56.63,0.229,1268,0.269,0.316,0.198,0.118
150,F,3,14.33,12.43,199,44.49,65,2.470,3.458,0.062,0.291,0.720,0.651,1.371,52.52,0.194,1270,0.284,0.244,0.161,0.082
151,F,3,14.54,12.88,202,44.78,90,1.919,3.023,0.058,0.340,0.867,0.608,1.475,58.77,0.237,1264,0.299,0.298,0.190,0.108
152,F,3,14.39,23.93,300,39.05,174,1.760,4.953,0.069,0.204,0.925,0.714,1.639,56.46,0.234,1242,0.256,0.353,0.216,0.137
153,M,3,15.78,17.96,227,48.49,157,1.653,4.692,0.052,0.210,1.072,1.000,2.072,51.74,0.239,1212,0.284,0.537,0.330,0.206
154,M,3,15.59,35.24,375,35.52,245,0.603,6.587,0.069,0.139,1.167,0.935,2.102,55.50,0.260,1256,0.239,0.584,0.367,0.217
155,M,3,15.79,29.42,334,38.40,241,0.941,5.653,0.065,0.171,0.994,0.586,1.580,62.93,0.269,1222,0.292,0.348,0.212,0.137
156,M,3,14.83,21.17,255,49.87,244,1.750,5.944,0.052,0.168,1.061,0.901,1.962,54.06,0.239,1226,0.299,0.493,0.298,0.195
157,M,3,14.53,19.88,261,45.11,157,1.647,4.731,0.057,0.206,0.882,0.645,1.527,57.77,0.224,1237,0.439,0.315,0.201,0.114
158,M,3,14.93,27.86,318,43.04,239,0.863,5.950,0.057,0.156,0.816,0.578,1.394,58.53,0.233,1219,0.395,0.260,0.155,0.104
159,M,3,14.68,25.80,293,47.12,291,1.200,6.216,0.053,0.159,0.935,0.715,1.650,56.66,0.240,1235,0.260,0.357,0.214,0.143
160,M,3,15.15,15.43,218,52.14,176,1.945,4.099,0.049,0.251,0.727,0.581,1.308,55.56,0.202,1219,0.224,0.225,0.141,0.084
161,M,3,14.39,27.06,326,40.35,171,0.962,5.626,0.060,0.166,1.116,0.700,1.815,61.46,0.266,1243,0.246,0.468,0.308,0.160
162,M,3,15.09,31.22,344,42.23,296,0.805,6.729,0.057,0.136,0.988,0.727,1.715,57.60,0.233,1234,0.362,0.413,0.275,0.138
163,M,3,15.13,25.68,300,44.87,257,1.165,5.738,0.055,0.173,0.809,0.740,1.549,52.24,0.208,1203,0.366,0.307,0.198,0.109
164,M,3,15.99,22.78,274,44.90,237,1.566,5.389,0.056,0.190,0.929,0.802,1.731,53.68,0.229,1230,0.243,0.379,0.222,0.157
165,M,3,15.04,16.34,231,41.15,81,1.158,3.171,0.058,0.327,0.843,0.853,1.696,49.71,0.209,1230,0.276,0.345,0.194,0.151
166,M,3,15.03,18.73,245,52.87,218,1.683,5.216,0.048,0.185,0.694,0.643,1.338,51.92,0.192,1214,0.391,0.228,0.143,0.085
167,M,3,14.78,11.89,196,58.89,107,2.386,4.557,0.045,0.214,0.727,0.537,1.263,57.54,0.218,1248,0.264,0.215,0.136,0.080
168,M,3,14.53,12.67,200,54.42,107,2.321,4.379,0.048,0.226,0.772,0.802,1.574,49.07,0.197,1228,0.338,0.305,0.195,0.110
169,F,3,14.83,31.97,356,37.66,254,1.201,6.078,0.067,0.152,0.845,0.535,1.381,61.23,0.216,1210,0.360,0.276,0.192,0.085
170,F,3,14.93,9.68,178,43.69,46,2.405,2.971,0.062,0.346,0.672,0.577,1.249,53.78,0.193,1271,0.277,0.197,0.114,0.084
171,F,3,16.19,17.58,246,45.73,125,2.016,4.543,0.059,0.217,0.924,0.918,1.841,50.17,0.219,1237,0.282,0.412,0.244,0.169
172,F,3,14.18,20.21,275,43.61,164,1.688,4.383,0.060,0.229,0.714,0.326,1.040,68.64,0.249,1262,0.280,0.166,0.114,0.052
173,F,3,14.43,20.94,263,46.03,211,1.631,4.936,0.056,0.204,0.710,0.533,1.243,57.12,0.207,1245,0.303,0.204,0.121,0.083
174,F,3,13.12,15.48,210,37.69,90,1.476,3.479,0.070,0.280,0.639,0.989,1.628,39.24,0.145,1103,0.615,0.283,0.188,0.095
175,F,3,13.84,12.63,212,42.88,43,2.366,3.570,0.065,0.281,0.713,0.458,1.171,60.91,0.221,1272,0.322,0.189,0.116,0.074
176,F,3,13.58,12.88,209,47.58,89,2.145,3.735,0.054,0.276,0.701,0.474,1.175,59.66,0.217,1243,0.290,0.194,0.128,0.066
177,F,3,14.73,6.40,154,44.57,33,2.780,2.138,0.062,0.484,0.792,0.521,1.313,60.35,0.234,1221,0.289,0.244,0.160,0.084
178,F,3,14.99,22.14,283,44.54,195,1.893,5.243,0.060,0.186,0.708,0.510,1.217,58.13,0.211,1223,0.276,0.198,0.118,0.080
179,F,3,14.99,22.34,294,39.67,144,1.569,4.465,0.066,0.227,0.903,0.760,1.663,54.31,0.226,1226,0.258,0.358,0.227,0.132
180,F,3,14.13,24.21,306,40.01,156,1.495,5.008,0.064,0.200,0.629,0.490,1.119,56.24,0.192,1253,0.303,0.166,0.105,0.062
181,F,3,15.22,16.76,242,40.87,107,1.967,3.679,0.066,0.274,1.027,0.882,1.908,53.80,0.240,1251,0.239,0.486,0.331,0.155
182,F,3,15.18,34.38,377,33.90,204,0.712,6.015,0.072,0.162,0.867,1.011,1.878,46.18,0.197,1137,0.382,0.408,0.249,0.159
183,F,3,16.38,28.85,343,35.76,183,1.616,5.482,0.073,0.173,1.181,0.649,1.831,64.53,0.307,1243,0.219,0.484,0.299,0.185
184,F,3,14.79,18.46,250,45.06,155,2.073,4.612,0.061,0.221,0.791,0.623,1.414,55.94,0.215,1237,0.305,0.264,0.165,0.099
185,M,4,14.58,6.64,140,57.64,39,2.912,2.799,0.047,0.362,0.586,0.592,1.178,49.71,0.171,1242,0.731,0.168,0.101,0.067
186,M,4,14.44,15.93,221,58.00,211,2.262,5.394,0.045,0.176,0.790,0.744,1.535,51.50,0.203,1203,0.652,0.289,0.165,0.124
187,M,4,14.83,18.28,239,48.78,168,1.731,4.809,0.051,0.203,0.772,0.744,1.516,50.93,0.208,1247,0.660,0.281,0.150,0.132
188,M,4,15.33,11.70,183,52.34,97,2.212,3.530,0.049,0.290,0.794,0.576,1.370,57.94,0.232,1232,0.572,0.250,0.152,0.099
189,M,4,15.08,11.30,179,51.71,88,2.291,3.570,0.050,0.281,0.751,0.748,1.498,50.10,0.199,1266,0.591,0.270,0.152,0.118
190,M,4,14.93,14.87,210,56.53,164,2.259,5.157,0.046,0.189,0.851,1.033,1.883,45.16,0.191,1216,0.697,0.413,0.265,0.148
191,M,4,14.92,18.02,247,43.85,125,1.967,4.376,0.061,0.220,0.820,0.680,1.500,54.66,0.219,1261,0.636,0.303,0.206,0.097
192,M,4,13.97,25.67,295,45.34,258,1.389,6.334,0.054,0.149,0.864,0.777,1.641,52.65,0.223,1225,0.603,0.336,0.192,0.144
193,M,4,14.54,10.32,169,52.57,68,2.794,3.958,0.051,0.251,0.663,0.685,1.348,49.20,0.181,1236,0.691,0.219,0.131,0.088
194,M,4,14.43,12.73,183,48.82,84,2.023,3.623,0.054,0.271,0.707,0.747,1.454,48.62,0.184,1224,0.781,0.258,0.166,0.093
195,M,4,15.54,7.48,141,47.17,47,2.587,2.712,0.058,0.377,0.757,0.885,1.642,46.10,0.181,1243,0.576,0.320,0.210,0.110
196,M,4,14.38,14.48,214,61.96,224,2.339,5.138,0.044,0.186,0.764,0.667,1.431,53.38,0.215,1241,0.708,0.261,0.156,0.105
197,M,4,14.93,7.61,152,53.35,37,2.468,2.819,0.051,0.355,0.827,0.675,1.503,55.06,0.220,1252,0.587,0.310,0.214,0.096
198,M,4,14.23,12.00,186,46.05,85,2.210,3.006,0.058,0.336,0.686,0.536,1.222,56.11,0.197,1223,0.773,0.210,0.147,0.063
199,M,4,15.79,15.69,217,55.39,175,2.355,5.211,0.048,0.186,0.875,0.653,1.527,57.26,0.234,1242,1.537,0.310,0.190,0.120
200,M,4,14.88,13.99,204,53.63,143,2.287,4.524,0.049,0.219,0.673,0.692,1.366,49.31,0.183,1228,0.840,0.231,0.148,0.083
201,F,4,15.08,9.71,165,53.72,81,2.558,3.808,0.050,0.267,0.593,0.540,1.133,52.31,0.178,1228,0.813,0.160,0.093,0.067
202,F,4,14.03,10.35,168,47.37,69,2.370,3.325,0.055,0.308,0.611,0.653,1.264,48.35,0.170,1263,0.753,0.189,0.112,0.077
203,F,4,15.04,12.90,222,46.53,100,2.340,3.430,0.057,0.303,0.696,0.861,1.557,44.69,0.173,1236,1.036,0.270,0.155,0.115
204,F,4,16.26,21.23,274,41.89,146,1.612,4.834,0.061,0.205,0.915,0.712,1.627,56.22,0.234,1287,0.585,0.345,0.203,0.142
205,F,4,13.98,17.23,246,45.49,152,2.125,4.480,0.057,0.229,0.699,0.360,1.059,66.04,0.235,1257,0.626,0.160,0.095,0.065
206,F,4,14.88,7.65,158,49.04,36,2.668,2.635,0.055,0.390,0.747,0.614,1.361,54.87,0.210,1236,0.723,0.239,0.145,0.094
207,F,4,14.29,32.13,364,36.90,206,1.047,6.305,0.066,0.154,0.822,0.567,1.389,59.17,0.231,1247,0.665,0.260,0.158,0.103
208,F,4,14.78,21.90,283,39.14,129,1.303,4.620,0.062,0.222,0.846,0.540,1.386,61.02,0.241,1267,0.836,0.270,0.167,0.103
209,F,4,14.38,13.52,212,48.25,87,2.218,4.030,0.054,0.250,0.722,0.612,1.334,54.10,0.203,1281,0.758,0.227,0.134,0.094
210,F,4,15.33,14.08,218,47.61,110,2.580,4.150,0.059,0.242,0.761,0.684,1.445,52.67,0.205,1287,0.546,0.259,0.143,0.116
211,F,4,14.66,9.66,174,45.88,50,1.993,3.157,0.054,0.321,0.727,0.416,1.143,63.60,0.221,1251,0.700,0.182,0.105,0.078
212,F,4,14.24,15.41,222,51.43,170,2.124,4.655,0.051,0.216,0.612,0.464,1.076,56.89,0.197,1271,0.609,0.151,0.086,0.065
213,F,4,14.88,13.22,189,47.78,98,2.087,3.828,0.055,0.258,0.706,1.079,1.786,39.56,0.164,1124,1.180,0.323,0.181,0.142
214,F,4,14.43,29.74,344,33.59,144,0.946,5.113,0.071,0.193,0.787,0.693,1.481,53.18,0.209,1258,0.523,0.286,0.185,0.100
215,F,4,14.83,13.14,189,52.30,143,2.069,3.881,0.049,0.261,0.635,0.566,1.201,52.89,0.187,1232,0.639,0.188,0.124,0.065
216,F,4,15.63,37.97,413,31.23,207,0.228,6.057,0.075,0.162,1.105,0.740,1.845,59.87,0.250,1269,1.424,0.461,0.281,0.180
217,M,4,15.17,12.71,194,53.56,110,2.326,4.213,0.049,0.234,0.779,0.571,1.350,57.72,0.219,1238,0.635,0.241,0.145,0.096
218,M,4,15.79,5.91,131,49.28,44,2.231,1.843,0.052,0.567,0.694,0.617,1.311,52.94,0.201,1256,0.668,0.214,0.123,0.091
219,M,4,14.78,6.79,134,55.76,38,2.961,2.982,0.051,0.338,0.737,0.741,1.477,49.86,0.189,1242,0.742,0.270,0.173,0.097
220,M,4,14.42,12.28,181,48.46,102,2.426,3.381,0.056,0.297,0.748,0.568,1.317,56.84,0.212,1241,0.585,0.232,0.147,0.085
221,M,4,15.77,7.14,137,54.23,60,2.370,2.712,0.047,0.385,0.808,0.745,1.553,52.00,0.211,1201,0.659,0.299,0.176,0.123
222,M,4,14.43,9.25,158,60.51,70,2.608,3.913,0.044,0.255,0.641,0.829,1.471,43.61,0.161,1200,0.781,0.241,0.150,0.091
223,M,4,15.24,12.33,190,52.08,93,2.258,4.073,0.051,0.244,0.713,0.712,1.425,50.05,0.194,1233,0.628,0.248,0.138,0.109
224,M,4,15.24,6.79,145,66.95,72,2.998,3.837,0.042,0.264,0.872,0.676,1.548,56.31,0.225,1227,0.628,0.314,0.183,0.131
225,M,4,14.55,16.51,225,48.05,149,2.094,4.495,0.055,0.220,0.724,0.517,1.241,58.36,0.212,1261,0.790,0.211,0.133,0.078
226,M,4,15.63,11.94,191,58.95,121,2.556,4.491,0.047,0.220,0.770,0.633,1.402,54.90,0.213,1251,1.096,0.255,0.155,0.100
227,M,4,15.49,5.40,134,57.05,35,3.293,2.828,0.050,0.358,0.851,0.737,1.588,53.58,0.219,1259,0.705,0.322,0.195,0.127
228,M,4,Proximal end missing,6.31,134,57.84,49,2.670,2.735,0.046,0.373,,,,,,,,,,
229,M,4,13.88,17.42,230,50.08,173,1.694,4.643,0.049,0.212,0.690,0.621,1.311,52.65,0.192,1227,0.605,0.220,0.137,0.082
230,M,4,15.33,14.52,208,53.64,159,2.365,4.807,0.051,0.202,0.795,0.619,1.414,56.21,0.200,1236,1.265,0.267,0.176,0.091
231,M,4,14.33,10.23,170,49.87,70,2.682,3.611,0.054,0.281,0.618,0.594,1.213,51.00,0.181,1220,0.771,0.180,0.103,0.077
232,M,4,15.24,5.28,128,65.81,34,3.399,3.409,0.047,0.294,0.723,0.865,1.588,45.55,0.179,1241,0.599,0.292,0.180,0.112
233,F,4,14.48,17.32,243,37.50,76,1.713,3.585,0.068,0.289,0.843,0.588,1.431,58.90,0.239,1248,0.594,0.274,0.169,0.105
234,F,4,14.48,20.67,277,41.48,144,2.045,4.731,0.064,0.210,0.840,0.509,1.350,62.25,0.238,1256,0.475,0.260,0.169,0.091
235,F,4,14.73,6.18,145,43.77,28,1.706,1.454,0.056,0.759,0.826,0.580,1.406,58.76,0.235,1280,0.554,0.268,0.166,0.102
236,F,4,14.99,8.97,169,52.05,54,3.041,3.498,0.056,0.289,0.731,0.532,1.263,57.89,0.213,1258,0.657,0.214,0.132,0.081
237,F,4,13.73,32.76,356,36.93,246,0.427,5.907,0.062,0.160,0.698,0.514,1.212,57.56,0.206,1278,0.550,0.202,0.133,0.070
238,F,4,15.44,15.51,223,46.98,126,2.499,4.575,0.058,0.222,0.775,0.681,1.456,53.22,0.213,1236,0.719,0.273,0.174,0.099
239,F,4,14.60,36.49,408,30.91,165,0.647,5.752,0.078,0.174,0.791,0.390,1.181,66.96,0.252,1269,0.533,0.206,0.133,0.073
240,F,4,14.93,17.23,244,41.53,112,2.334,4.341,0.067,0.234,0.876,0.571,1.447,60.56,0.244,1247,0.676,0.283,0.158,0.124
241,F,4,13.93,4.97,141,58.82,29,3.551,2.689,0.045,0.380,0.644,0.351,0.995,64.71,0.220,1278,0.525,0.141,0.086,0.055
242,F,4,15.44,20.33,275,41.30,130,1.846,4.484,0.063,0.222,0.755,0.559,1.314,57.43,0.219,1245,0.671,0.229,0.134,0.094
243,F,4,15.00,27.58,327,32.48,123,0.948,4.639,0.075,0.225,0.781,0.694,1.475,52.93,0.204,1250,0.597,0.275,0.166,0.109
244,F,4,15.04,15.10,223,42.01,87,2.084,3.800,0.062,0.271,0.797,0.611,1.408,56.59,0.222,1264,0.662,0.268,0.173,0.095
245,F,4,15.74,20.71,260,43.12,166,1.403,4.973,0.057,0.201,0.922,0.718,1.640,56.22,0.232,1246,0.871,0.357,0.227,0.131
246,F,4,15.13,19.71,248,42.88,137,1.552,4.469,0.059,0.223,0.704,0.819,1.523,46.22,0.179,1210,0.720,0.272,0.172,0.100
247,F,4,15.33,9.92,172,45.67,46,2.486,3.319,0.058,0.306,0.835,0.797,1.632,51.18,0.211,1267,0.649,0.328,0.192,0.136
248,F,4,15.38,20.24,267,35.43,89,1.019,3.626,0.069,0.292,0.877,0.550,1.427,61.45,0.247,1281,0.542,0.282,0.171,0.111
249,M,5,15.13,15.61,207,47.98,126,1.734,4.187,0.053,0.237,0.971,0.984,1.955,49.68,0.227,1179,0.864,0.475,0.317,0.158
250,M,5,15.55,9.59,162,47.00,91,2.129,2.819,0.054,0.370,0.814,0.635,1.449,56.17,0.214,1221,1.580,0.275,0.168,0.107
251,M,5,14.61,15.30,212,53.79,162,1.865,4.667,0.047,0.210,0.687,0.637,1.323,51.89,0.187,1186,0.814,0.231,0.160,0.071
252,M,5,14.38,6.76,135,56.56,59,2.723,2.477,0.049,0.414,0.633,0.912,1.545,40.98,0.158,1177,0.835,0.252,0.151,0.102
253,M,5,15.43,14.78,209,54.08,163,2.280,4.699,0.049,0.209,0.760,0.742,1.502,50.59,0.201,1202,0.641,0.277,0.168,0.109
254,M,5,14.88,12.37,186,57.42,136,2.275,4.210,0.046,0.237,0.745,0.612,1.357,54.90,0.221,1211,0.732,0.242,0.152,0.089
255,M,5,15.13,38.04,395,34.36,205,-0.215,6.513,0.063,0.137,1.009,1.285,2.294,45.58,0.200,1156,2.579,0.600,0.370,0.230
256,M,5,15.49,18.89,242,51.53,237,1.870,5.293,0.049,0.185,0.963,0.855,1.817,52.96,0.221,1211,2.449,0.432,0.288,0.144
257,M,5,14.43,9.35,165,54.12,75,2.519,3.406,0.049,0.294,0.651,0.811,1.462,44.54,0.170,1190,0.808,0.244,0.155,0.089
258,M,5,14.33,11.62,172,49.42,96,1.854,3.145,0.049,0.330,0.573,0.644,1.217,47.07,0.166,1210,0.700,0.180,0.120,0.060
259,M,5,15.49,11.65,178,56.08,109,2.349,3.941,0.047,0.252,0.629,0.748,1.377,45.69,0.170,1155,0.927,0.228,0.151,0.077
260,M,5,14.54,6.60,132,65.77,62,2.778,3.469,0.040,0.292,0.615,0.764,1.379,44.61,0.162,1200,0.686,0.215,0.130,0.084
261,M,5,15.58,18.65,249,46.85,182,1.812,4.797,0.055,0.205,0.887,0.543,1.430,62.05,0.250,1230,0.518,0.300,0.209,0.091
262,M,5,14.11,15.59,215,51.81,147,2.148,4.739,0.052,0.208,0.815,0.760,1.575,51.76,0.198,1203,0.853,0.314,0.197,0.117
263,M,5,14.88,6.07,131,51.56,41,2.402,1.921,0.050,0.536,0.705,0.607,1.312,53.73,0.199,1241,0.588,0.220,0.130,0.089
264,M,5,14.13,15.69,218,55.01,177,1.887,4.668,0.046,0.211,0.732,0.801,1.533,47.77,0.188,1197,0.793,0.283,0.180,0.102
265,F,5,15.78,15.02,214,46.09,106,1.889,3.794,0.057,0.260,0.851,0.768,1.619,52.57,0.213,1220,0.773,0.331,0.205,0.126
266,F,5,15.58,37.79,419,30.92,224,0.883,6.479,0.083,0.151,0.898,0.608,1.506,59.65,0.243,1288,0.838,0.302,0.165,0.137
267,F,5,14.77,30.55,341,37.16,240,0.823,5.657,0.066,0.173,0.815,0.597,1.411,57.73,0.222,1275,0.830,0.264,0.157,0.107
268,F,5,15.44,17.58,231,43.77,143,1.484,3.886,0.057,0.265,0.788,0.720,1.508,52.24,0.205,1239,0.705,0.285,0.174,0.111
269,F,5,15.49,27.74,318,38.62,207,0.902,5.295,0.063,0.193,0.808,0.555,1.364,59.28,0.231,1220,0.663,0.250,0.148,0.102
270,F,5,15.08,18.76,254,46.27,173,1.985,4.743,0.057,0.209,0.820,0.425,1.246,65.85,0.252,1291,0.507,0.222,0.134,0.089
271,F,5,15.24,16.26,226,38.88,107,1.781,3.530,0.066,0.355,0.739,0.769,1.508,49.02,0.188,1255,0.621,0.272,0.162,0.110
272,F,5,15.33,10.91,189,59.48,105,2.867,4.443,0.047,0.223,0.820,0.572,1.392,58.91,0.232,1243,0.741,0.265,0.167,0.097
273,F,5,15.83,25.08,293,36.66,167,1.145,4.765,0.067,0.221,0.811,0.910,1.722,47.13,0.198,1229,0.688,0.343,0.199,0.144
274,F,5,15.04,35.31,382,37.56,330,0.592,6.409,0.062,0.141,0.801,0.668,1.469,56.28,0.211,1245,1.590,0.282,0.175,0.107
275,F,5,14.74,24.50,304,41.42,209,1.694,5.466,0.064,0.175,0.923,0.716,1.639,56.32,0.238,1289,0.536,0.360,0.226,0.134
276,F,5,15.63,8.98,152,46.51,73,1.925,1.828,0.054,0.583,0.764,0.803,1.567,48.78,0.192,1231,0.596,0.293,0.171,0.122
277,F,5,15.05,20.24,265,38.10,117,0.997,3.882,0.063,0.275,0.683,0.697,1.380,49.49,0.184,1229,0.747,0.229,0.137,0.093
278,F,5,14.63,21.41,271,42.85,170,1.299,4.683,0.058,0.213,0.863,0.707,1.569,54.97,0.218,1231,1.014,0.326,0.212,0.114
279,F,5,14.53,21.11,262,38.16,104,1.153,4.083,0.064,0.249,0.752,0.886,1.638,45.89,0.183,1231,0.652,0.308,0.188,0.120
280,F,5,15.65,31.70,344,29.61,125,0.428,4.741,0.082,0.224,1.015,0.949,1.965,51.68,0.232,1186,0.602,0.478,0.287,0.192
281,M,5,15.88,16.12,210,48.39,132,1.852,4.382,0.053,0.227,0.735,1.015,1.750,41.99,0.175,1211,0.707,0.333,0.202,0.130
282,M,5,14.63,10.09,159,50.08,85,1.994,2.204,0.051,0.458,0.869,0.774,1.643,52.90,0.205,1228,1.315,0.360,0.252,0.109
283,M,5,15.53,19.14,244,44.37,149,1.606,4.318,0.056,0.232,0.802,0.879,1.681,47.69,0.198,1210,0.765,0.336,0.204,0.131
284,M,5,14.84,12.76,197,49.03,88,2.126,3.687,0.053,0.269,0.775,0.832,1.607,48.21,0.196,1214,0.672,0.306,0.184,0.122
285,M,5,15.24,16.34,204,49.35,200,1.604,3.956,0.050,0.258,0.818,0.840,1.658,49.32,0.196,1188,0.743,0.330,0.190,0.141
286,M,5,15.38,15.26,213,57.74,206,2.151,5.044,0.046,0.191,1.318,1.674,2.993,44.62,0.229,1200,0.964,1.011,0.623,0.388
287,M,5,15.29,12.57,190,53.81,103,2.355,4.272,0.050,0.231,0.701,0.629,1.330,52.72,0.203,1207,0.664,0.223,0.135,0.088
288,M,5,14.33,17.33,225,52.43,184,2.051,5.334,0.049,0.181,0.816,0.883,1.699,48.03,0.195,1224,1.231,0.347,0.217,0.129
289,M,5,14.83,9.12,153,55.31,63,2.261,3.349,0.047,0.295,0.663,0.633,1.296,51.14,0.185,1207,0.652,0.218,0.146,0.072
290,M,5,15.79,14.69,210,55.10,171,2.450,4.849,0.050,0.200,0.845,0.629,1.474,57.33,0.231,1272,0.534,0.288,0.172,0.116
291,M,5,14.78,1.52,80,53.91,4,2.973,1.114,0.052,0.898,0.627,0.724,1.352,46.41,0.172,1220,0.698,0.212,0.129,0.083
292,M,5,15.23,15.14,204,52.94,172,2.064,4.430,0.049,0.223,0.730,0.931,1.662,43.95,0.177,1152,1.060,0.317,0.208,0.109
293,M,5,14.48,9.04,161,52.90,66,2.554,3.410,0.050,0.300,0.704,0.580,1.283,54.83,0.203,1209,0.640,0.212,0.123,0.089
294,M,5,13.29,10.40,157,55.76,102,2.411,3.697,0.045,0.273,0.660,0.713,1.374,48.08,0.183,1208,0.795,0.223,0.131,0.092
295,M,5,15.13,17.53,241,54.36,185,2.169,5.592,0.049,0.171,0.724,0.405,1.129,64.13,0.234,1217,0.774,0.191,0.135,0.056
296,M,5,15.49,10.69,171,66.86,144,2.765,4.933,0.041,0.202,0.748,0.598,1.346,55.59,0.210,1210,0.663,0.236,0.143,0.094
297,F,5,14.78,16.95,232,52.27,192,2.157,5.072,0.051,0.190,0.867,0.764,1.631,53.16,0.219,1232,0.668,0.340,0.211,0.129
298,F,5,15.83,10.19,194,61.79,101,3.105,4.594,0.047,0.217,0.878,0.778,1.656,53.01,0.222,1230,0.798,0.341,0.192,0.149
299,F,5,15.05,15.47,224,47.45,110,2.191,4.493,0.056,0.224,0.847,0.606,1.453,58.29,0.225,1227,0.898,0.283,0.171,0.112
300,F,5,15.42,24.67,287,45.49,304,1.415,5.821,0.055,0.166,1.015,0.657,1.671,60.70,0.253,1242,1.083,0.386,0.239,0.146
301,F,5,14.88,7.78,139,46.37,50,2.284,2.436,0.057,0.422,0.639,0.672,1.310,48.75,0.174,1223,0.631,0.205,0.123,0.082
302,F,5,14.49,13.16,204,41.58,67,1.970,3.325,0.063,0.302,0.649,0.712,1.362,47.68,0.174,1219,0.762,0.218,0.131,0.087
303,F,5,15.19,20.06,255,43.59,157,1.678,4.727,0.059,0.211,0.789,0.638,1.428,55.31,0.217,1245,0.704,0.261,0.144,0.117
304,F,5,14.43,11.01,184,51.19,68,2.715,3.860,0.053,0.259,0.704,0.467,1.171,60.10,0.216,1274,0.590,0.188,0.115,0.074
305,F,5,15.69,14.22,215,46.14,88,2.396,4.192,0.060,0.237,0.887,0.617,1.505,58.96,0.239,1245,0.648,0.310,0.194,0.115
306,F,5,15.03,15.19,219,42.63,98,2.301,3.965,0.062,0.250,0.877,0.657,1.534,57.20,0.238,1234,0.525,0.306,0.171,0.135
307,F,5,15.49,23.41,295,37.21,138,1.470,4.734,0.069,0.217,0.983,0.596,1.579,62.23,0.265,1290,0.572,0.344,0.208,0.136
308,F,5,14.72,24.95,289,41.88,220,1.314,5.465,0.060,0.181,0.868,0.652,1.520,57.13,0.219,1240,1.515,0.302,0.173,0.129
309,F,5,15.71,24.95,303,36.98,132,1.409,4.872,0.070,0.196,1.186,0.800,1.986,60.82,0.276,1250,1.366,0.542,0.340,0.202
310,F,5,15.53,24.02,298,40.65,164,1.277,4.941,0.060,0.198,0.839,0.727,1.566,53.56,0.217,1263,0.713,0.313,0.192,0.121
311,F,5,14.66,36.33,383,33.27,220,0.235,6.302,0.070,0.152,0.878,0.666,1.543,56.87,0.224,1234,0.816,0.318,0.201,0.117
312,F,5,15.99,18.20,244,40.59,116,1.804,4.155,0.064,0.252,0.818,0.725,1.543,53.02,0.214,1245,0.744,0.303,0.185,0.117
313,M,6,15.77,18.52,250,47.25,158,1.833,4.780,0.054,0.198,0.961,0.895,1.856,51.79,0.230,1233,0.678,0.424,0.247,0.177
314,M,6,14.88,12.98,203,51.64,90,2.575,4.177,0.053,0.238,0.641,0.729,1.371,46.80,0.171,1225,0.777,0.220,0.133,0.087
315,M,6,15.28,13.04,208,57.57,138,2.581,4.843,0.048,0.204,0.926,0.627,1.553,59.61,0.248,1241,0.624,0.327,0.197,0.130
316,M,6,14.43,18.62,248,52.98,215,1.977,5.452,0.048,0.176,0.753,0.611,1.363,55.19,0.211,1238,0.772,0.238,0.137,0.102
317,M,6,14.22,8.10,141,49.36,50,2.013,2.813,0.051,0.362,0.756,1.071,1.827,41.38,0.174,1202,0.873,0.363,0.232,0.131
318,M,6,15.88,14.93,207,49.31,140,2.313,4.476,0.054,0.223,1.032,0.743,1.774,58.15,0.257,1219,0.572,0.423,0.255,0.167
319,M,6,15.38,22.38,275,48.39,235,1.753,5.917,0.053,0.163,0.913,0.693,1.606,56.86,0.238,1223,0.581,0.339,0.197,0.142
320,M,6,15.53,5.30,117,53.49,31,3.033,2.383,0.051,0.432,0.777,0.701,1.478,52.57,0.208,1192,0.668,0.276,0.169,0.107
321,M,6,15.63,4.61,121,57.00,24,2.705,1.941,0.046,0.524,0.771,0.868,1.639,47.07,0.191,1207,0.658,0.316,0.194,0.122
322,M,6,15.13,10.88,179,58.55,102,2.629,4.414,0.047,0.225,0.851,0.587,1.437,59.18,0.233,1247,0.685,0.278,0.163,0.114
323,M,6,14.58,7.58,146,51.32,36,2.584,2.652,0.053,0.390,0.707,0.806,1.513,46.72,0.182,1218,0.718,0.274,0.178,0.095
324,M,6,15.38,7.53,141,59.92,67,2.913,3.427,0.048,0.291,1.036,1.183,2.219,46.68,0.216,1204,0.629,0.582,0.369,0.213
325,M,6,15.88,10.28,179,56.73,80,2.894,4.171,0.049,0.237,0.815,0.811,1.627,50.14,0.202,1207,1.236,0.325,0.204,0.121
326,M,6,15.23,7.98,160,69.33,80,2.867,4.159,0.040,0.238,0.821,0.666,1.486,55.20,0.228,1237,0.652,0.288,0.174,0.114
327,M,6,15.08,13.70,194,49.76,123,2.058,4.033,0.052,0.246,0.747,1.076,1.822,40.97,0.171,1199,0.714,0.356,0.218,0.138
328,M,6,14.50,15.38,215,52.15,141,1.891,4.383,0.049,0.217,0.694,0.754,1.448,47.94,0.185,1206,0.787,0.261,0.178,0.082
329,F,6,14.38,15.54,221,43.30,121,2.429,3.991,0.062,0.259,0.670,0.691,1.361,49.21,0.181,1220,0.710,0.220,0.123,0.096
330,F,6,14.33,7.04,146,52.58,33,2.962,2.807,0.054,0.358,0.549,0.500,1.049,52.36,0.172,1244,0.649,0.136,0.073,0.063
331,F,6,14.44,6.53,156,49.92,31,2.956,2.715,0.056,0.375,0.703,0.511,1.213,57.92,0.213,1260,0.515,0.195,0.111,0.083
332,F,6,15.18,12.85,200,43.54,76,1.607,2.991,0.057,0.334,0.806,0.700,1.505,53.53,0.210,1222,0.659,0.296,0.194,0.102
333,F,6,14.43,12.77,188,49.07,117,1.988,3.556,0.053,0.290,0.617,0.911,1.528,40.35,0.153,1186,0.774,0.245,0.150,0.095
334,F,6,15.69,34.79,380,33.11,219,1.122,6.229,0.077,0.148,1.002,0.736,1.738,57.64,0.243,1229,1.157,0.390,0.226,0.165
335,F,6,14.16,8.95,162,45.70,56,2.542,2.738,0.061,0.378,0.664,0.451,1.116,59.55,0.208,1267,0.564,0.168,0.098,0.070
336,F,6,15.13,22.70,286,43.79,175,1.516,5.081,0.057,0.188,0.785,0.435,1.221,64.33,0.238,1279,0.596,0.217,0.142,0.075
337,F,6,14.67,21.80,276,44.05,188,1.899,5.288,0.060,0.187,0.750,0.701,1.451,51.69,0.199,1226,1.250,0.258,0.146,0.113
338,F,6,14.99,15.89,231,37.91,82,2.013,3.566,0.069,0.297,0.888,0.917,1.805,49.21,0.212,1204,0.572,0.393,0.235,0.157
339,F,6,14.73,14.78,212,52.27,156,2.350,4.632,0.051,0.212,0.730,0.725,1.454,50.18,0.186,1199,0.784,0.262,0.168,0.095
340,F,6,14.63,19.46,250,51.35,230,1.647,5.357,0.049,0.183,0.577,0.582,1.159,49.82,0.171,1218,0.718,0.162,0.091,0.071
341,F,6,14.74,17.64,245,45.68,125,2.002,4.565,0.056,0.218,0.839,0.642,1.481,56.66,0.228,1203,0.649,0.288,0.170,0.117
342,F,6,14.29,8.28,168,53.43,51,2.938,3.630,0.050,0.281,0.746,0.844,1.590,46.93,0.183,1203,0.704,0.295,0.179,0.117
343,F,6,14.48,11.32,194,47.26,64,2.621,3.491,0.058,0.289,0.761,0.735,1.496,50.89,0.197,1269,0.613,0.276,0.167,0.109
344,F,6,15.74,8.14,161,57.02,57,3.001,3.790,0.049,0.266,0.815,0.696,1.511,53.96,0.218,1241,0.679,0.295,0.182,0.112
345,F,6,15.42,9.60,173,47.65,42,2.506,3.245,0.057,0.307,0.927,1.060,1.987,46.67,0.211,1214,0.686,0.456,0.267,0.189
346,M,6,15.65,9.99,166,62.42,101,2.809,4.379,0.045,0.225,0.914,0.901,1.814,50.35,0.215,1209,0.587,0.402,0.240,0.162
347,M,6,15.74,10.98,184,55.50,90,2.633,4.163,0.050,0.239,0.850,0.764,1.614,52.68,0.219,1251,0.628,0.325,0.187,0.138
348,M,6,15.94,14.69,205,55.08,165,2.246,4.827,0.047,0.206,0.779,0.810,1.589,49.01,0.200,1188,0.826,0.308,0.187,0.121
349,M,6,16.54,14.53,195,50.22,139,1.876,4.178,0.051,0.241,0.909,1.237,2.146,42.34,0.178,1168,2.176,0.494,0.295,0.199
350,M,6,15.17,16.11,218,52.95,161,2.218,5.123,0.050,0.190,0.751,0.763,1.514,49.58,0.195,1214,0.637,0.277,0.165,0.111
351,M,6,15.13,11.45,183,51.42,93,2.142,3.659,0.052,0.277,0.854,0.977,1.831,46.64,0.201,1243,0.679,0.391,0.245,0.146
352,M,6,14.63,13.85,197,58.22,162,2.263,4.885,0.046,0.201,0.791,0.782,1.573,50.27,0.207,1226,0.712,0.303,0.182,0.121
353,M,6,15.10,9.15,153,59.87,80,2.640,3.643,0.045,0.275,0.745,0.877,1.621,45.93,0.186,1213,0.753,0.306,0.193,0.113
354,M,6,15.99,11.00,171,63.73,136,2.595,4.649,0.044,0.210,0.976,1.031,2.006,48.63,0.220,1212,0.687,0.502,0.329,0.173
355,M,6,14.33,10.09,166,55.49,104,2.333,3.673,0.048,0.275,0.602,0.569,1.171,51.42,0.180,1234,0.605,0.169,0.096,0.073
356,M,6,14.49,6.82,140,70.29,73,2.807,3.773,0.038,0.265,0.789,0.641,1.430,55.14,0.214,1221,0.752,0.267,0.166,0.102
357,M,6,14.43,20.97,254,42.83,160,1.439,4.651,0.057,0.209,0.711,0.784,1.495,47.53,0.182,1201,0.820,0.265,0.165,0.100
358,M,6,15.83,7.26,140,50.06,40,2.803,2.730,0.054,0.374,0.727,0.702,1.429,50.86,0.199,1198,0.691,0.249,0.144,0.105
359,M,6,15.17,12.32,184,53.18,102,2.301,3.836,0.050,0.257,0.806,0.773,1.579,51.02,0.206,1223,1.080,0.311,0.191,0.120
360,M,6,14.88,17.91,238,51.19,190,2.004,5.210,0.051,0.188,0.813,0.712,1.525,53.30,0.217,1247,0.605,0.301,0.197,0.104
361,M,6,13.22,8.77,151,48.28,66,1.904,2.273,0.051,0.541,0.546,0.511,1.056,51.67,0.172,1224,0.668,0.140,0.085,0.055
362,F,6,15.23,10.18,185,59.46,107,2.523,3.837,0.046,0.261,0.782,0.456,1.237,63.17,0.238,1251,0.825,0.213,0.125,0.087
363,F,6,15.18,5.60,155,60.72,24,3.378,3.323,0.046,0.307,0.878,0.534,1.413,62.18,0.249,1280,0.619,0.274,0.149,0.125
364,F,6,13.84,8.49,166,41.99,45,2.052,1.938,0.063,0.546,0.723,0.553,1.276,56.69,0.208,1199,0.645,0.213,0.125,0.088
365,F,6,15.21,23.75,289,42.44,184,1.749,5.321,0.061,0.175,0.981,0.715,1.696,57.84,0.228,1221,1.382,0.390,0.250,0.139
366,F,6,14.79,6.09,138,50.88,35,2.863,2.623,0.054,0.392,0.653,0.697,1.350,48.35,0.177,1211,0.700,0.213,0.115,0.098
367,F,6,15.13,20.92,258,49.20,209,1.464,5.288,0.050,0.179,0.715,0.620,1.336,53.56,0.202,1251,0.623,0.224,0.121,0.103
368,F,6,14.56,14.46,216,52.97,107,2.113,4.646,0.050,0.213,0.873,0.572,1.445,60.40,0.246,1279,0.671,0.282,0.161,0.121
369,F,6,15.29,9.00,168,52.74,52,3.009,3.533,0.054,0.288,0.879,0.824,1.703,51.64,0.217,1246,0.786,0.364,0.227,0.137
370,F,6,14.66,13.14,196,50.84,124,2.335,4.148,0.051,0.246,0.696,0.586,1.283,54.29,0.198,1220,0.656,0.217,0.139,0.077
371,F,6,13.43,6.10,138,57.74,46,2.761,2.662,0.047,0.384,0.571,0.456,1.027,55.58,0.182,1222,0.683,0.139,0.085,0.053
372,F,6,14.43,6.93,152,66.22,44,3.394,3.998,0.044,0.253,0.690,0.681,1.371,50.35,0.189,1234,0.631,0.227,0.131,0.096
373,F,6,15.53,6.33,133,55.61,42,2.848,2.972,0.049,0.345,0.719,0.795,1.514,47.47,0.181,1247,0.639,0.272,0.166,0.105
374,F,6,15.54,12.66,188,45.14,74,2.155,3.432,0.058,0.297,0.924,0.844,1.768,52.25,0.223,1193,0.686,0.388,0.222,0.165
375,F,6,14.88,18.04,237,44.23,125,1.815,4.542,0.057,0.219,0.757,0.735,1.492,50.73,0.200,1200,0.773,0.271,0.156,0.114
376,F,6,15.58,8.92,166,54.67,48,2.786,3.642,0.050,0.276,0.714,0.599,1.314,54.37,0.202,1230,0.677,0.222,0.133,0.089
377,F,6,15.78,15.22,212,41.19,119,1.345,3.112,0.059,0.342,0.775,0.856,1.632,47.52,0.190,1194,0.915,0.310,0.173,0.137
378,M,7,15.19,15.23,213,56.18,197,2.250,4.95,0.048,0.197,0.932,0.620,1.552,60.06,0.219,1222,1.823,0.323,0.185,0.138
379,M,7,15.23,10.96,173,58.05,116,2.278,4.05,0.045,0.248,0.841,0.654,1.495,56.26,0.228,1218,0.631,0.301,0.192,0.108
380,M,7,15.17,11.87,190,60.85,121,2.533,4.65,0.045,0.209,0.783,0.605,1.388,56.42,0.213,1254,0.682,0.277,0.199,0.078
381,M,7,15.37,15.58,215,45.78,100,2.184,4.22,0.059,0.233,0.909,0.788,1.697,53.55,0.232,1223,0.598,0.365,0.210,0.155
382,M,7,14.08,15.04,212,50.38,128,2.355,4.54,0.054,0.216,0.755,0.482,1.237,61.01,0.223,1239,0.702,0.216,0.139,0.078
383,M,7,14.92,13.79,197,57.15,153,2.084,4.76,0.046,0.209,0.824,0.747,1.571,52.48,0.207,1211,0.979,0.324,0.217,0.107
384,M,7,14.48,14.46,215,50.93,114,2.247,4.27,0.052,0.232,0.805,0.532,1.337,60.20,0.232,1245,0.592,0.244,0.144,0.100
385,M,7,13.92,15.56,212,45.50,111,1.921,3.85,0.055,0.263,0.636,0.645,1.281,49.63,0.178,1232,0.687,0.200,0.122,0.078
386,M,7,14.66,7.93,122,45.39,33,2.480,2.28,0.062,0.450,0.821,0.517,1.338,61.35,0.240,1220,0.613,0.252,0.161,0.091
387,M,7,15.38,17.54,231,56.74,234,2.169,5.64,0.046,0.172,0.665,0.447,1.113,59.80,0.209,1228,0.744,0.169,0.103,0.066
388,M,7,15.28,9.08,157,51.39,57,2.458,3.02,0.052,0.339,0.783,0.597,1.380,56.72,0.221,1240,0.600,0.257,0.161,0.096
389,M,7,14.42,12.16,204,47.54,62,2.734,4.00,0.060,0.250,0.813,0.478,1.292,62.97,0.244,1239,0.620,0.234,0.143,0.091
390,M,7,13.78,16.51,216,55.07,206,2.169,5.29,0.048,0.182,0.626,0.628,1.254,49.90,0.178,1191,0.724,0.189,0.104,0.085
391,M,7,15.38,16.60,215,55.68,201,2.281,5.30,0.048,0.181,0.635,0.502,1.138,55.84,0.199,1208,0.635,0.169,0.098,0.071
392,M,7,15.98,6.67,142,60.91,48,3.083,3.65,0.046,0.276,0.959,0.762,1.720,55.73,0.243,1252,0.634,0.386,0.225,0.160
393,M,7,14.33,17.96,237,54.24,245,2.095,5.62,0.048,0.175,0.724,0.600,1.324,54.67,0.203,1244,0.659,0.226,0.135,0.091
394,M,7,15.13,11.85,193,53.68,84,2.387,3.92,0.048,0.254,0.757,0.588,1.345,56.28,0.217,1267,0.539,0.236,0.138,0.098
395,M,7,14.99,10.31,175,56.59,100,2.496,3.75,0.047,0.268,0.782,0.732,1.514,51.63,0.210,1205,0.838,0.283,0.163,0.120
396,M,7,14.23,9.21,171,59.60,86,2.743,3.80,0.046,0.261,0.726,0.638,1.363,53.22,0.202,1228,0.714,0.233,0.133,0.100
397,M,7,15.87,15.49,218,53.19,151,2.231,4.86,0.051,0.202,1.102,0.566,1.668,66.05,0.255,1251,1.197,0.399,0.249,0.151
398,F,7,15.33,12.65,192,47.78,122,2.288,3.38,0.055,0.308,0.726,0.753,1.478,49.09,0.193,1232,0.619,0.266,0.163,0.103
399,F,7,15.15,15.15,221,42.66,85,1.784,3.36,0.061,0.309,0.777,0.559,1.335,58.17,0.225,1241,0.679,0.237,0.140,0.097
400,F,7,13.78,16.68,227,52.74,164,2.031,4.89,0.049,0.199,0.640,0.692,1.332,48.05,0.172,1223,0.813,0.209,0.122,0.087
401,F,7,15.42,31.57,332,37.55,271,0.742,5.81,0.063,0.167,0.921,0.898,1.819,50.63,0.217,1195,1.226,0.406,0.242,0.164
402,F,7,15.21,10.26,172,55.02,77,2.859,3.98,0.049,0.254,0.792,0.844,1.636,48.40,0.196,1248,0.741,0.318,0.192,0.126
403,F,7,14.23,15.90,222,50.65,158,2.000,4.70,0.051,0.209,0.721,0.515,1.235,58.34,0.213,1234,0.582,0.201,0.110,0.091
404,F,7,14.43,30.27,347,34.47,163,1.117,5.56,0.073,0.184,0.742,0.420,1.162,63.84,0.235,1271,0.601,0.189,0.109,0.080
405,F,7,14.33,17.13,229,45.89,150,1.890,4.35,0.056,0.236,0.758,0.635,1.393,54.43,0.206,1231,0.707,0.249,0.147,0.102
406,F,7,15.11,9.56,168,42.06,44,2.189,2.71,0.064,0.383,0.733,0.550,1.283,57.14,0.211,1222,0.511,0.218,0.131,0.087
407,F,7,15.24,11.52,189,38.47,68,1.741,1.96,0.065,0.551,0.740,0.533,1.273,58.15,0.216,1280,0.602,0.214,0.117,0.097
408,F,7,14.99,8.28,147,39.62,42,1.693,1.93,0.063,0.548,0.583,0.636,1.219,47.85,0.168,1237,0.723,0.172,0.096,0.076
409,F,7,15.10,24.34,299,35.65,139,1.519,4.69,0.072,0.220,0.910,0.555,1.465,62.10,0.255,1240,0.732,0.296,0.174,0.122
410,F,7,14.38,22.71,276,40.97,190,1.638,4.87,0.062,0.210,0.636,0.606,1.242,51.19,0.182,1218,0.704,0.192,0.119,0.073
411,F,7,14.13,23.06,278,43.32,178,1.457,5.08,0.057,0.188,0.877,0.610,1.487,58.99,0.236,1247,0.627,0.298,0.178,0.120
412,F,7,14.88,20.17,267,42.28,111,1.446,4.51,0.061,0.225,0.794,0.619,1.413,56.17,0.222,1235,0.727,0.258,0.143,0.115
413,F,7,13.79,2.45,114,58.92,6,2.814,1.39,0.046,0.731,0.622,0.588,1.210,51.39,0.178,1239,0.668,0.186,0.117,0.069
414,F,7,14.93,40.70,433,28.95,176,0.100,6.31,0.079,0.151,0.949,0.664,1.612,58.84,0.229,1216,1.102,0.346,0.210,0.136
415,F,7,15.33,17.56,241,45.64,135,2.324,4.76,0.060,0.204,0.915,0.920,1.835,49.86,0.194,1235,1.400,0.409,0.249,0.161
416,F,7,15.58,18.15,250,45.20,129,2.215,4.72,0.060,0.209,0.867,0.543,1.409,61.50,0.242,1270,1.026,0.279,0.177,0.102
417,F,7,14.24,4.57,132,45.76,9,1.950,1.70,0.053,0.609,0.640,0.483,1.122,57.01,0.196,1251,0.626,0.169,0.107,0.063
418,M,8,15.58,19.20,240,47.05,209,2.045,4.99,0.055,0.203,0.816,1.262,2.077,39.26,0.169,1188,0.863,0.449,0.280,0.168
419,M,8,14.38,21.38,279,44.68,168,1.913,5.30,0.059,0.179,1.306,0.940,2.246,58.13,0.286,1237,0.935,0.700,0.472,0.228
420,M,8,15.13,10.17,174,54.00,68,2.529,3.71,0.049,0.270,0.611,0.604,1.216,50.29,0.180,1220,0.910,0.181,0.110,0.071
421,M,8,15.18,10.14,164,47.27,71,2.271,2.76,0.055,0.375,0.643,0.595,1.238,51.92,0.184,1194,0.713,0.193,0.120,0.073
422,M,8,14.33,13.47,208,53.69,118,2.712,4.70,0.053,0.206,0.706,0.632,1.337,52.76,0.186,1231,1.152,0.240,0.167,0.072
423,M,8,15.04,14.99,214,54.05,149,2.426,4.87,0.051,0.200,0.815,0.725,1.540,52.92,0.205,1212,1.221,0.314,0.217,0.097
424,M,8,15.84,11.26,181,52.33,76,2.476,3.90,0.052,0.255,0.880,0.891,1.771,49.69,0.218,1200,0.767,0.377,0.215,0.162
425,M,8,15.54,7.35,140,54.34,53,2.592,3.08,0.049,0.331,0.826,0.983,1.810,45.65,0.190,1162,0.888,0.383,0.240,0.143
426,M,8,14.63,13.71,193,49.35,132,2.098,3.72,0.053,0.279,0.771,0.734,1.505,51.25,0.201,1192,0.875,0.286,0.184,0.102
427,M,8,15.18,11.80,184,61.89,141,2.739,4.85,0.044,0.204,0.913,0.770,1.683,54.24,0.230,1261,0.666,0.371,0.237,0.134
428,M,8,15.19,10.27,166,67.38,131,2.420,4.46,0.040,0.221,0.667,0.957,1.624,41.06,0.165,1204,0.916,0.290,0.188,0.102
429,M,8,16.48,21.65,267,45.12,172,1.475,5.15,0.056,0.182,1.055,0.774,1.830,57.68,0.248,1233,0.993,0.456,0.296,0.160
430,M,8,15.15,4.93,110,55.71,29,2.801,2.81,0.049,0.358,0.764,1.009,1.773,43.10,0.182,1214,0.789,0.370,0.259,0.111
431,M,8,15.09,4.94,117,59.33,26,3.102,2.73,0.046,0.372,0.754,0.678,1.432,52.67,0.209,1221,0.830,0.257,0.154,0.102
432,M,8,15.13,14.95,210,52.81,162,2.102,4.64,0.049,0.212,0.772,0.757,1.529,50.49,0.198,1166,0.684,0.287,0.175,0.113
433,M,8,13.28,7.60,146,52.38,45,2.611,2.67,0.050,0.386,0.676,0.559,1.234,54.74,0.199,1247,0.619,0.199,0.122,0.077
434,M,8,15.29,10.49,176,59.08,98,2.681,4.49,0.044,0.221,0.679,0.658,1.338,50.78,0.188,1195,0.729,0.219,0.132,0.087
435,M,8,14.58,6.02,135,53.62,22,2.914,2.59,0.053,0.389,0.771,0.660,1.431,53.90,0.206,1251,0.671,0.273,0.184,0.090
436,M,8,14.73,10.17,170,60.78,118,2.621,4.10,0.044,0.245,0.672,0.709,1.380,48.65,0.184,1229,0.651,0.227,0.132,0.095
437,M,8,15.48,12.97,190,52.82,104,2.207,4.16,0.049,0.241,0.971,0.912,1.883,51.56,0.232,1226,0.709,0.462,0.302,0.161
438,F,8,15.48,36.37,378,32.57,230,0.676,6.42,0.074,0.156,1.092,0.790,1.882,58.03,0.265,1233,0.712,0.469,0.270,0.199
439,F,8,15.58,20.41,262,41.29,131,1.549,4.50,0.062,0.226,1.045,0.819,1.863,56.07,0.252,1227,0.558,0.462,0.293,0.168
440,F,8,14.73,17.66,241,42.25,119,2.064,4.16,0.064,0.241,0.885,0.762,1.647,53.76,0.222,1236,0.628,0.348,0.216,0.132
441,F,8,15.88,25.12,302,35.43,124,1.008,4.60,0.070,0.220,0.932,0.921,1.853,50.31,0.223,1242,0.615,0.414,0.242,0.173
442,F,8,15.38,10.83,191,51.94,69,2.699,3.89,0.054,0.259,0.853,0.562,1.415,60.28,0.239,1254,0.632,0.273,0.165,0.108
443,F,8,15.37,13.44,207,45.00,76,2.456,3.98,0.060,0.253,0.960,0.871,1.830,52.44,0.211,1221,1.279,0.436,0.293,0.143
444,F,8,15.04,14.71,211,39.98,65,1.894,3.15,0.066,0.324,0.996,0.837,1.833,54.35,0.234,1222,0.643,0.438,0.280,0.159
445,F,8,14.12,25.24,296,42.64,196,1.243,5.55,0.056,0.172,0.788,0.468,1.256,62.76,0.241,1236,0.512,0.220,0.130,0.090
446,F,8,15.33,24.57,299,38.01,157,1.689,5.18,0.069,0.188,1.015,0.547,1.562,64.97,0.279,1220,0.629,0.351,0.220,0.131
447,F,8,15.27,6.41,143,54.01,29,3.326,3.23,0.053,0.313,0.971,0.715,1.687,57.59,0.245,1280,0.714,0.375,0.214,0.161
448,F,8,13.92,7.37,142,42.58,28,2.155,2.13,0.062,0.489,0.797,0.574,1.371,58.15,0.223,1237,0.648,0.258,0.165,0.093
449,F,8,15.24,10.61,183,45.97,52,2.322,3.12,0.057,0.328,0.726,0.459,1.185,61.29,0.222,1277,0.583,0.195,0.122,0.074
450,F,8,13.88,16.01,212,48.12,168,1.892,4.05,0.052,0.255,0.560,0.416,0.976,57.38,0.184,1233,0.506,0.125,0.071,0.054
451,F,8,14.63,15.49,227,48.63,130,2.195,4.34,0.054,0.232,0.622,0.501,1.122,55.41,0.191,1203,0.696,0.163,0.096,0.067
452,F,8,14.83,20.38,261,44.77,177,2.081,5.20,0.059,0.186,0.929,0.854,1.783,52.10,0.220,1251,0.911,0.398,0.242,0.156
453,F,8,15.54,26.10,304,38.87,191,1.416,5.27,0.064,0.187,0.791,0.549,1.340,59.03,0.226,1282,0.665,0.239,0.137,0.102
454,F,8,15.00,9.87,166,46.00,74,2.373,2.85,0.058,0.360,0.720,0.787,1.508,47.78,0.184,1257,0.726,0.268,0.161,0.107
455,F,8,15.33,23.55,296,40.77,172,1.688,5.20,0.062,0.192,0.764,0.549,1.313,58.18,0.222,1273,0.528,0.227,0.120,0.107
456,F,8,14.18,22.48,274,48.39,249,1.554,5.66,0.051,0.170,0.720,0.720,1.439,50.00,0.191,1227,0.661,0.252,0.153,0.099
457,F,8,14.92,17.47,236,41.96,128,1.871,3.70,0.061,0.278,0.815,0.818,1.633,49.89,0.201,1245,0.658,0.322,0.186,0.136
458,M,8,15.34,31.27,344,37.78,209,0.797,5.81,0.062,0.159,1.106,0.608,1.714,64.52,0.288,1245,1.094,0.418,0.278,0.140
459,M,8,14.99,11.83,200,54.70,78,2.568,4.40,0.049,0.225,0.790,0.637,1.427,55.35,0.215,1240,0.734,0.272,0.176,0.096
460,M,8,15.13,10.70,173,53.13,96,2.373,3.65,0.048,0.280,0.678,0.583,1.261,53.78,0.197,1235,0.703,0.202,0.118,0.084
461,M,8,14.63,24.35,283,44.91,225,1.350,5.65,0.054,0.167,0.884,0.914,1.798,49.17,0.211,1197,0.744,0.394,0.248,0.146
462,M,8,15.49,19.59,252,51.26,225,2.137,5.60,0.051,0.171,0.950,1.007,1.958,48.54,0.213,1225,0.906,0.464,0.294,0.170
463,M,8,14.68,19.04,252,46.91,150,1.848,4.97,0.053,0.195,0.911,0.594,1.505,60.52,0.247,1247,1.121,0.309,0.192,0.116
464,M,8,14.67,14.56,211,50.50,122,2.004,4.26,0.051,0.233,0.709,0.619,1.329,53.39,0.198,1214,0.648,0.229,0.145,0.084
465,M,8,15.38,11.18,179,60.12,120,2.371,4.30,0.045,0.228,0.809,1.056,1.864,43.37,0.184,1209,0.779,0.388,0.241,0.147
466,M,8,14.38,13.42,197,49.28,102,1.757,3.61,0.048,0.288,0.632,0.611,1.243,50.82,0.186,1226,0.815,0.191,0.115,0.076
467,M,8,16.29,17.20,226,53.58,198,1.933,5.06,0.048,0.191,1.027,0.961,1.988,51.65,0.217,1236,1.307,0.479,0.287,0.192
468,M,8,15.09,7.60,142,48.00,46,1.971,2.36,0.052,0.436,0.670,0.799,1.469,45.60,0.169,1199,0.785,0.250,0.150,0.100
469,M,8,14.24,7.37,154,58.89,52,2.756,3.40,0.045,0.296,0.596,0.584,1.180,50.51,0.173,1225,0.736,0.173,0.108,0.066
470,M,8,15.43,15.66,219,57.71,209,2.189,5.37,0.045,0.183,0.717,0.930,1.648,43.54,0.170,1173,0.820,0.294,0.162,0.133
471,M,8,15.83,17.73,233,48.71,149,2.099,5.02,0.053,0.195,0.839,0.810,1.650,50.88,0.209,1219,0.641,0.342,0.217,0.125
472,M,8,15.13,7.13,145,62.05,52,2.803,3.58,0.042,0.282,0.791,0.640,1.431,55.28,0.217,1223,0.600,0.268,0.166,0.102
473,M,8,15.33,13.87,217,54.32,117,2.549,4.70,0.051,0.206,1.049,0.567,1.616,64.92,0.276,1290,2.082,0.378,0.251,0.127
474,M,8,13.83,7.02,157,54.96,26,2.995,3.13,0.050,0.319,0.892,0.705,1.597,55.84,0.229,1253,0.652,0.343,0.224,0.119
475,M,8,15.79,14.47,215,47.40,96,2.156,4.07,0.055,0.242,0.798,0.615,1.413,56.46,0.218,1236,0.682,0.271,0.179,0.092
476,M,8,13.63,10.24,176,54.85,61,2.508,3.87,0.047,0.254,0.856,0.748,1.605,53.36,0.220,1266,0.627,0.338,0.223,0.115
477,M,8,14.23,9.85,172,57.19,69,2.600,3.87,0.048,0.258,0.691,0.582,1.273,54.30,0.195,1209,0.808,0.217,0.141,0.076
478,F,8,15.24,14.62,209,51.69,120,2.291,4.39,0.052,0.222,0.830,0.569,1.399,59.32,0.240,1223,0.780,0.261,0.156,0.105
479,F,8,15.32,14.48,224,42.29,82,2.055,3.38,0.062,0.306,0.748,0.607,1.356,55.20,0.212,1258,0.553,0.237,0.142,0.095
480,F,8,14.16,27.01,316,37.60,202,1.124,5.27,0.065,0.192,0.914,0.618,1.532,59.66,0.246,1222,0.662,0.325,0.207,0.118
481,F,8,13.99,19.06,251,48.23,191,1.945,5.08,0.054,0.197,0.804,0.700,1.504,53.48,0.215,1200,0.890,0.284,0.163,0.121
482,F,8,15.48,21.80,281,35.67,97,1.618,3.92,0.072,0.257,0.883,0.570,1.453,60.75,0.243,1290,0.544,0.295,0.187,0.108
483,F,8,14.28,5.84,126,58.34,33,2.542,2.37,0.046,0.423,0.569,0.622,1.191,47.76,0.163,1188,0.723,0.169,0.106,0.063
484,F,8,14.53,18.72,252,42.59,135,1.994,4.57,0.062,0.219,0.861,0.809,1.670,51.53,0.211,1243,0.622,0.353,0.227,0.126
485,F,8,14.54,19.16,243,46.90,171,1.774,4.89,0.054,0.205,0.782,0.813,1.595,49.03,0.195,1210,0.690,0.306,0.182,0.124
486,F,8,14.68,40.11,418,32.49,227,0.229,6.85,0.072,0.131,0.999,0.494,1.493,66.92,0.266,1266,0.936,0.320,0.194,0.126
487,F,8,13.51,7.41,157,45.95,31,2.323,2.46,0.057,0.414,0.718,0.333,1.051,68.34,0.240,1273,0.472,0.167,0.110,0.057
488,F,8,15.32,15.69,223,46.48,134,2.215,4.37,0.057,0.234,0.700,0.541,1.241,56.41,0.210,1233,0.594,0.200,0.116,0.084
489,F,8,14.49,19.66,270,44.75,139,1.895,4.78,0.058,0.203,0.867,0.536,1.402,61.81,0.249,1242,0.616,0.274,0.165,0.109
490,F,8,15.73,6.49,142,43.94,32,2.311,1.93,0.058,0.535,0.692,0.595,1.287,53.76,0.196,1267,0.605,0.211,0.125,0.086
491,F,8,14.93,17.05,248,40.67,90,2.222,4.11,0.067,0.246,0.877,0.536,1.413,62.08,0.254,1300,0.549,0.276,0.159,0.117
492,F,8,14.13,20.56,275,38.63,115,1.639,4.11,0.066,0.246,0.886,0.646,1.532,57.86,0.232,1239,0.674,0.322,0.210,0.112
493,F,8,16.13,20.37,267,38.20,105,1.751,4.55,0.068,0.223,0.888,1.001,1.889,47.02,0.202,1262,0.842,0.425,0.272,0.153
494,F,8,15.13,12.94,202,51.27,129,2.326,3.89,0.051,0.266,0.638,0.462,1.100,58.00,0.203,1286,0.701,0.160,0.092,0.067
495,F,8,15.08,13.79,217,44.20,99,2.231,3.20,0.062,0.331,1.054,0.672,1.726,61.07,0.271,1307,0.600,0.409,0.241,0.168
496,F,8,15.88,21.84,286,39.23,137,1.781,4.46,0.067,0.221,1.006,0.494,1.500,67.05,0.282,1314,1.464,0.320,0.178,0.142
497,F,8,15.98,20.07,260,38.87,128,1.470,3.82,0.064,0.274,0.796,0.663,1.459,54.54,0.217,1246,0.778,0.272,0.159,0.113
498,M,9,14.42,5.68,126,61.32,41,3.155,3.15,0.047,0.321,0.635,0.610,1.245,50.99,0.181,1203,0.750,0.192,0.115,0.077
499,M,9,14.79,10.50,170,60.88,106,2.576,4.30,0.044,0.231,0.652,0.793,1.445,45.12,0.169,1182,1.658,0.243,0.156,0.087
500,M,9,15.33,15.47,217,52.42,130,2.174,4.79,0.050,0.202,0.904,0.945,1.849,48.87,0.217,1191,0.930,0.415,0.258,0.157
501,M,9,15.63,21.01,259,48.55,269,1.819,5.60,0.052,0.179,0.655,0.645,1.300,50.40,0.183,1230,0.808,0.210,0.133,0.076
502,M,9,13.99,11.00,182,52.69,76,2.410,3.60,0.052,0.277,0.684,0.702,1.386,49.38,0.185,1210,0.648,0.238,0.154,0.084
503,M,9,15.23,9.36,157,61.59,103,2.408,3.71,0.043,0.270,0.837,1.006,1.843,45.41,0.191,1166,0.896,0.396,0.254,0.142
504,M,9,14.88,28.91,319,39.63,220,1.085,5.92,0.062,0.159,0.806,0.966,1.772,45.51,0.185,1128,1.830,0.358,0.214,0.144
505,M,9,14.78,8.61,158,60.39,75,2.574,3.85,0.044,0.260,0.637,0.848,1.485,42.91,0.157,1200,1.029,0.245,0.156,0.090
506,M,9,15.08,6.49,139,58.69,49,2.525,2.53,0.045,0.392,0.698,0.850,1.547,45.10,0.174,1158,0.788,0.273,0.167,0.106
507,M,9,15.38,8.03,142,50.47,48,2.666,2.59,0.056,0.391,0.760,0.707,1.467,51.81,0.207,1198,0.766,0.264,0.143,0.121
508,M,9,14.84,7.93,148,59.18,65,2.654,3.56,0.047,0.280,0.754,0.838,1.592,47.38,0.194,1185,0.700,0.303,0.192,0.111
509,M,9,13.62,10.92,176,60.53,130,2.633,4.48,0.044,0.222,0.790,0.623,1.412,55.92,0.220,1183,0.936,0.272,0.178,0.094
510,M,9,15.28,30.38,324,42.67,286,0.712,6.50,0.055,0.141,0.921,1.171,2.092,44.01,0.183,1163,2.798,0.491,0.312,0.179
511,M,9,14.63,11.25,190,50.80,79,2.552,3.86,0.054,0.257,0.684,0.547,1.231,55.55,0.200,1226,0.744,0.198,0.120,0.077
512,M,9,14.98,12.27,193,59.74,129,2.440,4.68,0.045,0.210,0.919,1.133,2.052,44.77,0.201,1172,0.867,0.479,0.296,0.182
513,M,9,15.08,24.85,285,44.62,269,1.526,5.81,0.056,0.163,0.788,0.976,1.764,44.67,0.182,1145,1.340,0.349,0.207,0.141
514,M,9,15.63,15.73,217,49.03,114,1.793,4.34,0.051,0.225,0.780,1.038,1.819,42.90,0.181,1200,0.911,0.370,0.226,0.145
515,M,9,14.08,15.97,212,51.06,134,1.635,4.41,0.049,0.222,0.825,1.015,1.840,44.84,0.193,1166,0.964,0.391,0.252,0.139
516,M,9,16.19,20.96,256,49.58,250,1.801,5.50,0.051,0.177,0.904,1.107,2.011,44.96,0.197,1221,0.831,0.463,0.290,0.173
517,M,9,14.88,9.78,168,58.96,74,2.557,4.05,0.045,0.243,0.685,1.018,1.703,40.24,0.162,1159,0.903,0.311,0.185,0.125
518,F,9,14.24,20.51,266,45.54,189,1.987,5.10,0.058,0.193,0.620,0.723,1.343,46.14,0.162,1260,0.615,0.211,0.133,0.077
519,F,9,14.78,11.66,196,41.78,46,2.577,3.35,0.069,0.314,0.790,0.563,1.354,58.38,0.226,1227,0.681,0.250,0.158,0.091
520,F,9,14.88,25.88,309,37.14,142,1.388,5.01,0.069,0.200,0.945,0.820,1.765,53.52,0.230,1253,0.832,0.392,0.231,0.160
521,F,9,15.13,19.02,250,40.36,103,1.860,4.36,0.064,0.232,0.897,0.724,1.621,55.34,0.226,1225,0.964,0.335,0.186,0.150
522,F,9,15.98,22.16,274,40.43,151,1.638,4.93,0.062,0.207,0.849,0.591,1.440,58.97,0.238,1242,0.543,0.278,0.162,0.116
523,F,9,16.44,9.66,157,51.39,73,2.407,3.32,0.050,0.308,0.684,0.802,1.485,46.02,0.172,1206,0.876,0.257,0.162,0.095
524,F,9,14.08,7.02,144,57.67,41,2.770,3.00,0.047,0.339,0.602,0.621,1.223,49.21,0.171,1206,0.755,0.177,0.096,0.081
525,F,9,14.43,8.41,173,43.22,32,2.669,2.84,0.062,0.365,0.826,0.484,1.310,63.06,0.248,1230,0.741,0.239,0.143,0.095
526,F,9,15.38,14.18,209,48.04,94,2.144,4.12,0.054,0.241,0.701,0.703,1.404,49.95,0.187,1214,0.785,0.237,0.139,0.099
527,F,9,14.13,9.82,175,49.10,63,2.525,3.26,0.055,0.318,0.595,0.673,1.268,46.93,0.165,1232,0.753,0.188,0.114,0.074
528,F,9,14.67,24.51,291,43.09,215,1.519,5.55,0.059,0.176,0.779,0.767,1.546,50.41,0.201,1208,0.862,0.287,0.159,0.128
529,F,9,14.84,9.34,170,45.08,65,1.928,2.19,0.056,0.478,0.774,0.597,1.371,56.47,0.219,1256,0.701,0.249,0.153,0.096
530,F,9,15.29,14.69,228,38.86,63,2.310,3.71,0.068,0.274,0.943,0.712,1.656,56.98,0.244,1254,0.674,0.365,0.227,0.138
531,F,9,15.63,13.90,204,47.07,103,2.484,4.36,0.057,0.232,0.822,0.901,1.723,47.71,0.196,1229,0.635,0.350,0.212,0.138
532,F,9,14.74,11.35,203,49.89,56,2.809,3.93,0.056,0.256,0.684,0.669,1.352,50.56,0.189,1241,0.632,0.220,0.119,0.101
533,F,9,13.88,7.29,146,49.84,43,2.345,2.52,0.052,0.410,0.582,0.582,1.163,50.01,0.170,1215,0.836,0.166,0.101,0.064
534,F,9,13.93,12.45,191,49.86,93,2.149,3.74,0.051,0.264,0.635,0.834,1.469,43.24,0.160,1204,0.796,0.240,0.150,0.090
535,F,9,14.66,9.25,165,51.73,90,2.422,3.28,0.051,0.312,0.747,0.564,1.310,57.00,0.213,1244,0.597,0.229,0.143,0.086
536,F,9,15.38,46.19,450,30.65,345,-0.231,8.01,0.076,0.121,0.971,0.462,1.433,67.75,0.263,1224,0.967,0.315,0.219,0.096
537,F,9,14.79,19.50,251,41.72,126,1.678,4.56,0.061,0.227,0.817,0.460,1.277,63.96,0.243,1208,0.738,0.234,0.150,0.084
538,M,9,14.68,11.83,181,54.97,101,2.553,4.01,0.050,0.249,0.870,0.596,1.466,59.35,0.242,1249,0.961,0.296,0.187,0.109
539,M,9,15.08,24.60,281,44.59,212,1.275,5.69,0.054,0.167,0.916,0.814,1.730,52.94,0.223,1211,0.783,0.383,0.242,0.140
540,M,9,14.93,8.12,149,61.29,77,2.457,3.45,0.044,0.291,0.655,0.803,1.458,44.92,0.167,1198,0.737,0.240,0.145,0.095
541,M,9,14.18,13.88,208,54.96,127,2.321,4.58,0.049,0.212,0.754,0.701,1.456,51.82,0.201,1208,0.697,0.266,0.163,0.103
542,M,9,15.79,12.54,196,54.03,100,2.307,4.30,0.049,0.232,0.960,1.142,2.101,45.67,0.206,1240,0.741,0.516,0.326,0.189
543,M,9,15.23,17.90,234,49.88,153,1.790,4.91,0.050,0.196,1.028,0.916,1.944,52.89,0.231,1224,0.947,0.508,0.353,0.155
544,M,9,15.17,8.58,151,48.75,45,2.290,2.51,0.052,0.408,0.742,0.760,1.502,49.39,0.191,1206,0.665,0.270,0.155,0.114
545,M,9,16.04,5.48,117,57.98,30,3.204,3.32,0.047,0.305,0.751,0.807,1.558,48.22,0.195,1197,1.071,0.290,0.174,0.115
546,M,9,15.49,7.77,147,59.61,59,2.957,3.62,0.048,0.278,0.846,0.744,1.590,53.21,0.219,1209,0.722,0.322,0.193,0.129
547,M,9,15.73,11.86,192,49.01,72,2.074,3.68,0.053,0.269,0.830,0.798,1.628,50.96,0.217,1220,0.701,0.333,0.197,0.136
548,M,9,13.92,11.74,193,59.44,100,2.458,4.65,0.044,0.212,0.672,0.770,1.442,46.59,0.179,1196,0.668,0.241,0.140,0.102
549,M,9,14.74,16.13,222,51.42,145,2.075,4.79,0.051,0.204,0.824,0.876,1.700,48.48,0.198,1211,0.678,0.356,0.230,0.126
550,M,9,14.17,6.83,136,56.99,56,2.498,3.07,0.046,0.325,0.741,0.576,1.317,56.25,0.207,1232,0.677,0.230,0.144,0.085
551,M,9,14.33,7.55,140,51.43,41,2.398,2.63,0.051,0.382,0.585,0.925,1.511,38.75,0.144,1199,0.900,0.232,0.140,0.092
552,M,9,15.11,7.26,143,53.75,33,2.725,2.98,0.049,0.342,0.795,0.767,1.562,50.88,0.221,1255,0.967,0.308,0.203,0.105
553,M,9,15.33,8.88,158,55.95,62,2.485,3.52,0.048,0.286,0.852,0.958,1.810,47.07,0.200,1198,0.679,0.386,0.225,0.161
554,M,9,15.53,8.80,159,55.35,54,2.583,3.42,0.048,0.296,0.711,0.740,1.451,48.99,0.186,1226,0.805,0.257,0.163,0.094
555,M,9,15.28,17.18,230,52.67,184,1.964,5.08,0.049,0.191,0.735,0.613,1.348,54.55,0.207,1232,0.706,0.231,0.132,0.099
556,M,9,14.83,5.70,131,52.82,35,2.372,1.99,0.049,0.512,0.743,0.695,1.438,51.65,0.199,1224,0.704,0.260,0.161,0.099
557,M,9,15.04,6.28,148,58.58,29,2.905,3.25,0.046,0.308,0.680,0.495,1.175,57.89,0.210,1258,0.639,0.188,0.112,0.075
558,F,9,14.88,17.74,238,45.03,109,1.913,4.46,0.056,0.222,0.672,0.803,1.475,45.57,0.175,1218,0.750,0.245,0.136,0.109
559,F,9,14.67,29.34,335,37.65,200,1.102,5.59,0.065,0.178,0.902,0.582,1.484,60.79,0.246,1255,0.553,0.305,0.191,0.115
560,F,9,14.88,28.31,320,41.33,242,1.168,5.72,0.059,0.162,0.795,0.696,1.491,53.29,0.207,1223,0.967,0.280,0.169,0.111
561,F,9,16.04,12.02,189,54.34,96,2.489,4.16,0.051,0.236,0.939,0.862,1.801,52.14,0.227,1253,0.581,0.403,0.232,0.170
562,F,9,13.57,41.44,402,37.75,377,-0.088,8.13,0.057,0.110,0.566,0.314,0.880,64.34,0.208,1210,0.628,0.111,0.071,0.041
563,F,9,14.93,17.82,235,48.35,144,1.962,4.85,0.052,0.203,0.710,0.510,1.220,58.19,0.216,1221,0.707,0.200,0.125,0.074
564,F,9,14.84,30.31,339,40.41,277,1.181,6.64,0.060,0.141,0.907,0.521,1.427,63.52,0.256,1265,0.839,0.286,0.171,0.115
565,F,9,15.67,15.08,224,49.78,118,2.506,4.75,0.055,0.210,0.876,0.620,1.495,58.57,0.237,1240,0.549,0.302,0.185,0.117
566,F,9,13.42,13.22,210,37.21,52,1.892,2.50,0.070,0.430,0.712,0.513,1.225,58.14,0.210,1230,0.632,0.202,0.126,0.076
567,F,9,14.88,13.56,195,52.45,125,2.207,4.43,0.049,0.226,0.725,0.776,1.501,48.29,0.186,1216,1.760,0.269,0.164,0.105
568,F,9,14.33,6.24,152,54.35,30,3.511,2.97,0.055,0.343,0.723,0.554,1.277,56.63,0.209,1246,0.637,0.217,0.136,0.082
569,F,9,16.38,7.28,141,50.50,54,2.202,2.39,0.052,0.434,0.836,0.744,1.581,52.90,0.214,1239,0.564,0.311,0.176,0.135
570,F,9,13.63,18.49,239,42.99,122,1.431,4.33,0.060,0.226,0.615,0.852,1.466,41.92,0.153,1169,1.884,0.229,0.137,0.092
571,F,9,14.08,34.96,367,37.17,269,0.710,6.63,0.063,0.139,0.709,0.476,1.184,59.84,0.213,1220,1.002,0.192,0.118,0.074
572,F,9,14.83,21.00,260,40.52,136,1.640,4.72,0.062,0.213,0.746,0.530,1.276,58.48,0.218,1241,0.640,0.221,0.138,0.083
573,F,9,14.67,16.90,234,45.39,126,1.747,3.97,0.055,0.254,0.871,0.678,1.549,56.21,0.231,1223,0.582,0.311,0.178,0.133
574,F,9,13.98,24.26,282,43.38,211,1.185,5.33,0.057,0.181,0.642,0.720,1.362,47.14,0.171,1232,0.655,0.218,0.135,0.082
575,F,9,14.28,20.76,264,40.52,143,1.468,4.23,0.062,0.244,0.702,0.552,1.255,55.98,0.204,1263,0.648,0.206,0.122,0.084
576,F,9,14.03,12.23,192,54.93,110,2.414,4.39,0.048,0.231,0.722,0.713,1.435,50.33,0.191,1215,0.651,0.252,0.147,0.105
577,F,9,14.88,15.64,229,42.46,107,2.040,3.70,0.061,0.282,0.942,0.704,1.646,57.23,0.242,1284,0.525,0.362,0.220,0.142
578,F,9,14.28,14.71,213,42.69,98,1.481,2.97,0.058,0.345,0.759,0.550,1.310,57.98,0.217,1253,0.663,0.234,0.151,0.083
579,M,10,14.33,9.14,153,52.39,67,2.219,2.88,0.050,0.358,0.781,0.751,1.533,50.98,0.203,1226,0.713,0.296,0.190,0.106
580,M,10,15.74,30.70,331,43.42,314,1.129,7.11,0.055,0.127,0.878,0.654,1.532,57.30,0.225,1177,2.096,0.313,0.194,0.119
581,M,10,14.68,8.34,142,51.39,56,2.333,2.42,0.051,0.430,0.658,0.847,1.505,43.69,0.168,1138,1.010,0.254,0.152,0.102
582,M,10,16.38,22.10,269,51.24,281,1.899,6.28,0.050,0.148,0.855,0.842,1.698,50.38,0.217,1196,0.872,0.352,0.218,0.134
583,M,10,14.39,14.56,203,51.50,120,2.059,4.40,0.052,0.221,0.914,0.846,1.759,51.93,0.219,1187,1.054,0.396,0.254,0.142
584,M,10,15.13,13.06,198,60.44,162,2.316,4.85,0.044,0.201,0.743,0.748,1.491,49.81,0.193,1224,0.952,0.278,0.179,0.099
585,M,10,14.43,5.44,135,61.70,30,2.865,2.92,0.045,0.343,0.830,0.695,1.525,54.40,0.216,1207,0.572,0.305,0.191,0.114
586,M,10,15.54,9.66,167,59.67,74,2.735,3.93,0.047,0.248,0.838,0.837,1.675,50.04,0.205,1242,0.904,0.346,0.219,0.127
587,M,10,14.78,13.54,206,54.15,114,2.483,4.59,0.051,0.212,0.945,0.763,1.708,55.34,0.235,1226,0.716,0.386,0.245,0.140
588,M,10,15.69,14.44,212,47.89,103,1.966,3.84,0.053,0.263,0.949,0.681,1.630,58.20,0.248,1268,0.703,0.364,0.233,0.131
589,M,10,16.04,10.22,163,48.68,57,2.326,3.20,0.054,0.317,0.781,0.728,1.509,51.77,0.207,1232,0.700,0.282,0.165,0.117
590,M,10,14.13,16.97,231,46.94,128,2.034,4.57,0.054,0.218,0.763,0.616,1.379,55.34,0.214,1209,0.560,0.245,0.138,0.106
591,M,10,14.78,9.05,158,44.88,52,2.235,2.46,0.058,0.428,0.762,0.634,1.396,54.57,0.214,1217,0.703,0.265,0.181,0.084
592,M,10,14.33,14.19,208,52.57,117,2.137,4.47,0.049,0.223,0.676,0.656,1.332,50.75,0.192,1217,0.905,0.224,0.144,0.080
593,M,10,14.99,16.46,223,53.56,177,2.061,4.98,0.048,0.195,0.863,0.849,1.713,50.41,0.195,1167,1.307,0.364,0.230,0.134
594,M,10,15.63,19.35,243,51.01,202,1.678,5.34,0.049,0.180,0.768,0.641,1.409,54.49,0.208,1229,1.414,0.254,0.155,0.099
595,M,10,15.23,8.51,146,54.42,86,2.063,2.47,0.046,0.420,0.698,1.116,1.814,38.49,0.156,1152,1.223,0.327,0.186,0.141
596,M,10,15.10,12.95,200,57.93,123,2.434,4.67,0.046,0.207,0.989,0.793,1.782,55.52,0.242,1213,0.673,0.426,0.276,0.150
597,M,10,15.24,11.62,184,52.66,84,2.530,4.02,0.050,0.250,0.749,0.660,1.409,53.16,0.206,1218,0.786,0.260,0.166,0.094
598,M,10,15.22,16.95,236,48.45,128,2.195,4.84,0.054,0.200,0.926,0.905,1.831,50.55,0.219,1230,0.929,0.429,0.289,0.140
599,F,10,15.38,17.95,242,46.30,144,2.034,4.87,0.056,0.205,0.742,0.552,1.294,57.35,0.211,1274,0.651,0.234,0.157,0.076
600,F,10,16.08,18.79,245,46.25,143,2.074,5.09,0.057,0.191,0.955,0.905,1.860,51.36,0.218,1276,0.926,0.428,0.260,0.168
601,F,10,15.08,13.27,207,54.51,112,2.469,4.63,0.049,0.214,0.908,0.758,1.666,54.50,0.225,1243,0.778,0.366,0.236,0.130
602,F,10,14.93,21.74,271,41.69,133,1.781,5.12,0.061,0.196,0.831,0.750,1.580,52.57,0.211,1253,0.695,0.317,0.199,0.118
603,F,10,14.68,8.66,173,57.54,53,2.936,3.72,0.048,0.274,0.669,0.557,1.227,54.57,0.199,1230,0.777,0.195,0.121,0.074
604,F,10,15.08,19.46,253,42.08,113,1.717,4.57,0.060,0.223,0.778,0.541,1.318,58.99,0.226,1268,0.657,0.232,0.135,0.097
605,F,10,15.09,12.95,196,44.92,61,1.920,3.44,0.057,0.298,0.762,1.179,1.941,39.27,0.172,1129,1.120,0.385,0.228,0.158
606,F,10,15.08,17.30,236,46.82,143,2.123,4.80,0.056,0.213,0.937,0.563,1.501,62.45,0.252,1279,1.207,0.312,0.183,0.129
607,F,10,14.68,29.24,329,37.23,183,1.100,5.85,0.065,0.164,0.985,0.812,1.797,54.84,0.237,1245,0.572,0.420,0.260,0.160
608,F,10,15.63,8.78,171,45.12,41,2.501,2.79,0.059,0.369,0.889,0.463,1.352,65.73,0.267,1227,0.571,0.263,0.161,0.102
609,F,10,13.63,18.83,246,45.28,136,1.806,4.71,0.056,0.218,0.911,0.577,1.488,61.21,0.251,1220,0.661,0.302,0.177,0.125
610,F,10,15.53,22.95,290,40.36,145,1.619,4.93,0.063,0.205,0.800,0.423,1.223,65.44,0.249,1272,0.622,0.218,0.140,0.078
611,F,10,15.38,25.88,301,40.09,190,1.393,5.72,0.062,0.172,0.890,0.732,1.621,54.87,0.229,1243,0.708,0.340,0.208,0.131
612,F,10,15.54,19.31,247,43.11,138,1.630,4.65,0.058,0.216,0.802,0.914,1.715,46.74,0.190,1190,0.670,0.345,0.214,0.131
613,F,10,13.78,11.98,184,51.98,91,2.027,3.63,0.050,0.281,0.592,0.652,1.244,47.56,0.167,1216,0.890,0.182,0.115,0.068
614,F,10,14.63,22.31,265,45.71,188,1.207,5.25,0.054,0.182,0.956,1.014,1.970,48.54,0.195,1204,2.616,0.474,0.313,0.161
615,F,10,13.83,7.94,167,41.49,17,2.297,2.39,0.062,0.434,0.608,0.535,1.143,53.17,0.182,1265,0.717,0.165,0.099,0.067
616,F,10,15.58,3.84,112,50.48,19,2.222,1.32,0.050,0.766,0.728,0.496,1.224,59.45,0.217,1223,0.747,0.208,0.136,0.072
617,F,10,14.63,29.57,322,37.72,203,0.440,5.53,0.061,0.178,0.758,0.701,1.459,51.93,0.193,1234,0.936,0.261,0.148,0.112
618,F,10,13.93,16.14,226,49.94,131,1.952,4.55,0.051,0.214,0.586,0.427,1.013,57.88,0.178,1205,1.071,0.141,0.091,0.050
619,M,11,16.03,9.29,171,52.92,59,2.764,3.48,0.053,0.291,0.839,0.816,1.655,50.70,0.208,1263,0.737,0.335,0.200,0.135
621,M,11,15.43,12.22,194,57.29,108,2.583,4.63,0.047,0.213,1.081,0.810,1.891,57.15,0.258,1279,0.819,0.486,0.311,0.174
622,M,11,14.93,5.58,136,47.64,22,2.668,2.29,0.055,0.443,0.820,0.781,1.601,51.21,0.219,1245,0.981,0.327,0.209,0.117
623,M,11,15.59,20.90,260,47.83,206,1.775,5.32,0.053,0.175,0.939,0.812,1.751,53.62,0.225,1202,0.964,0.398,0.254,0.145
624,M,11,14.68,3.81,96,56.74,14,2.681,1.54,0.047,0.655,0.516,0.645,1.161,44.42,0.150,1179,0.899,0.152,0.094,0.058
626,M,11,15.73,7.35,157,67.05,50,2.930,3.79,0.041,0.262,0.958,0.655,1.614,59.39,0.255,1260,0.627,0.353,0.210,0.143
628,M,11,14.78,10.61,176,62.53,116,2.486,4.51,0.043,0.219,0.811,0.819,1.630,49.75,0.197,1176,0.734,0.346,0.241,0.105
629,M,11,14.63,18.16,246,46.71,134,1.934,4.81,0.054,0.202,0.730,0.566,1.296,56.34,0.212,1244,0.673,0.223,0.141,0.083
632,M,11,14.88,16.04,214,50.72,147,2.079,4.69,0.051,0.209,0.723,0.823,1.546,46.76,0.185,1213,0.749,0.278,0.163,0.116
636,M,11,14.78,7.61,151,60.66,51,2.953,3.81,0.048,0.259,0.854,0.740,1.594,53.58,0.223,1198,0.740,0.328,0.203,0.125
640,F,11,15.08,8.51,178,57.32,52,2.958,3.50,0.049,0.285,0.893,0.690,1.584,56.41,0.235,1250,0.661,0.326,0.185,0.141
641,F,11,14.99,17.67,241,51.04,174,1.945,4.95,0.051,0.193,0.868,0.563,1.431,60.68,0.229,1245,1.068,0.292,0.195,0.097
642,F,11,14.17,20.27,262,42.93,163,1.801,4.73,0.060,0.207,0.632,0.579,1.211,52.20,0.181,1236,0.731,0.187,0.120,0.067
645,F,11,15.44,16.20,224,47.44,135,2.033,4.30,0.055,0.232,0.841,0.769,1.610,52.22,0.210,1246,0.796,0.324,0.195,0.129
649,F,11,14.83,16.32,231,40.01,87,2.002,3.94,0.067,0.258,0.753,0.524,1.277,58.96,0.222,1253,0.646,0.223,0.142,0.082
650,F,11,14.78,20.82,259,45.36,177,1.578,5.05,0.055,0.192,0.850,0.795,1.644,51.68,0.215,1252,0.712,0.336,0.203,0.133
651,F,11,16.13,17.16,239,45.75,111,1.950,4.58,0.056,0.215,0.891,0.561,1.452,61.38,0.256,1260,0.587,0.290,0.173,0.117
652,F,11,15.04,15.41,229,47.21,115,2.266,4.41,0.057,0.231,0.766,0.662,1.428,53.67,0.205,1238,0.627,0.260,0.157,0.103
653,F,11,14.17,17.71,248,42.85,102,1.864,4.26,0.060,0.238,0.781,0.731,1.512,51.68,0.201,1228,0.672,0.286,0.175,0.110
658,F,11,13.42,5.50,137,43.68,15,2.348,1.98,0.062,0.518,0.553,0.454,1.007,54.93,0.180,1228,0.749,0.130,0.077,0.053
659,M,11,15.79,12.96,199,57.60,131,2.329,4.72,0.047,0.207,0.973,0.993,1.966,49.49,0.220,1205,0.871,0.470,0.292,0.178
660,M,11,15.06,22.10,264,49.30,273,1.752,6.01,0.051,0.163,0.720,0.752,1.472,48.89,0.196,1219,0.775,0.265,0.175,0.089
661,M,11,15.19,27.43,311,39.59,184,1.188,5.67,0.062,0.164,1.046,0.819,1.865,56.09,0.248,1209,1.102,0.473,0.316,0.157
662,M,11,14.53,6.24,143,69.03,37,3.328,3.97,0.043,0.251,0.751,0.788,1.539,48.81,0.198,1217,0.758,0.285,0.171,0.114
663,M,11,15.88,10.97,178,58.43,118,2.407,4.17,0.046,0.243,0.750,0.873,1.623,46.22,0.188,1206,0.801,0.299,0.167,0.131
664,M,11,15.08,11.54,196,49.63,66,2.569,3.89,0.054,0.259,0.882,0.632,1.514,58.22,0.248,1223,0.722,0.306,0.192,0.114
665,M,11,15.94,5.07,130,63.77,30,3.284,3.10,0.045,0.330,0.708,0.704,1.412,50.12,0.198,1195,0.706,0.240,0.139,0.101
666,M,11,16.58,21.29,257,50.97,256,1.918,5.96,0.050,0.161,0.914,1.018,1.932,47.31,0.206,1182,0.698,0.436,0.261,0.175
667,M,11,13.93,10.41,181,59.23,87,2.730,4.46,0.046,0.223,0.817,0.498,1.315,62.14,0.239,1227,0.628,0.245,0.155,0.091
668,M,11,14.83,20.58,258,53.37,277,1.848,6.07,0.048,0.158,0.983,0.814,1.797,54.68,0.242,1250,0.629,0.417,0.249,0.169
669,M,11,15.94,16.09,225,58.45,203,2.300,5.52,0.046,0.171,0.865,0.907,1.772,48.83,0.206,1195,0.793,0.383,0.244,0.138
670,M,11,15.38,14.01,210,53.47,136,2.291,4.48,0.049,0.220,0.885,0.581,1.466,60.38,0.243,1264,0.636,0.300,0.192,0.108
671,M,11,15.53,5.04,131,52.85,22,2.691,2.40,0.050,0.425,0.894,0.838,1.732,51.61,0.219,1209,0.589,0.375,0.229,0.146
672,M,11,15.23,7.57,150,58.09,41,2.868,3.36,0.048,0.295,0.673,0.691,1.364,49.33,0.187,1202,0.925,0.233,0.159,0.074
673,M,11,14.53,9.98,188,54.70,62,2.570,3.86,0.049,0.261,0.815,0.552,1.367,59.60,0.234,1260,0.623,0.250,0.138,0.112
674,M,11,15.58,16.81,223,54.57,216,2.217,5.28,0.048,0.187,0.726,0.686,1.411,51.42,0.197,1178,0.718,0.253,0.162,0.091
675,M,11,14.93,7.55,143,53.86,39,2.683,3.20,0.050,0.313,0.789,0.995,1.784,44.22,0.188,1187,0.924,0.356,0.207,0.149
676,M,11,15.04,9.82,173,56.81,67,2.428,3.72,0.046,0.271,0.788,0.516,1.304,60.43,0.236,1234,0.512,0.234,0.146,0.089
677,M,11,15.19,7.15,146,57.98,60,2.536,2.87,0.045,0.354,0.807,0.766,1.573,51.32,0.211,1191,0.696,0.305,0.175,0.130
678,M,11,14.58,15.40,214,48.60,127,2.234,4.45,0.054,0.226,0.996,0.808,1.804,55.19,0.247,1201,0.589,0.433,0.275,0.159
679,F,11,15.74,5.12,143,46.47,14,2.952,2.17,0.059,0.473,0.810,0.579,1.389,58.32,0.228,1268,0.680,0.260,0.160,0.100
680,F,11,14.53,17.76,239,49.57,154,1.920,5.09,0.051,0.191,0.846,0.534,1.381,61.31,0.241,1241,0.651,0.269,0.175,0.094
681,F,11,14.80,13.40,212,46.89,86,2.350,4.01,0.058,0.251,0.977,0.756,1.733,56.37,0.242,1193,0.643,0.395,0.239,0.156
682,F,11,15.19,22.62,274,43.65,201,1.622,5.48,0.057,0.183,0.789,0.724,1.513,52.16,0.205,1184,0.889,0.286,0.169,0.117
683,F,11,13.68,16.55,230,50.61,156,2.154,5.07,0.052,0.196,0.696,0.797,1.493,46.65,0.174,1180,0.723,0.267,0.174,0.092
684,F,11,15.13,7.64,157,57.10,44,3.140,3.57,0.048,0.283,0.722,0.628,1.350,53.51,0.201,1232,0.761,0.232,0.141,0.091
685,F,11,15.69,39.04,402,29.73,154,0.243,6.03,0.079,0.156,1.169,0.698,1.867,62.63,0.288,1207,0.713,0.486,0.290,0.195
686,F,11,14.79,24.72,299,41.61,182,1.541,5.60,0.060,0.171,0.761,0.559,1.320,57.65,0.217,1227,0.663,0.232,0.142,0.091
687,F,11,15.24,36.93,376,34.52,239,0.382,6.58,0.068,0.139,0.823,0.673,1.496,55.00,0.214,1215,0.867,0.293,0.184,0.109
688,F,11,15.28,24.06,288,42.96,193,1.450,5.69,0.058,0.172,0.842,0.739,1.581,53.23,0.215,1220,0.678,0.322,0.202,0.120
689,F,11,14.64,27.49,305,40.79,239,1.171,5.72,0.058,0.175,0.716,0.582,1.298,55.19,0.204,1228,0.708,0.219,0.133,0.086
690,F,11,15.18,18.11,245,43.18,122,2.121,4.54,0.062,0.217,0.944,0.670,1.614,58.50,0.244,1231,0.572,0.356,0.226,0.130
691,F,11,14.84,12.64,198,39.47,67,2.156,2.82,0.067,0.378,0.756,0.680,1.436,52.63,0.207,1210,0.913,0.259,0.160,0.100
692,F,11,14.88,10.98,195,57.43,78,2.924,4.41,0.049,0.227,0.706,0.657,1.363,51.79,0.193,1235,0.676,0.233,0.142,0.091
693,F,11,15.49,15.93,232,47.34,106,2.110,4.54,0.056,0.218,0.775,0.734,1.509,51.36,0.205,1240,0.738,0.277,0.157,0.120
694,F,11,13.66,21.10,266,43.38,151,1.749,5.07,0.059,0.189,0.684,0.635,1.319,51.84,0.190,1191,0.701,0.216,0.127,0.090
695,F,11,14.37,13.92,213,48.65,92,2.330,4.27,0.054,0.233,0.698,0.652,1.350,51.68,0.192,1218,0.655,0.236,0.156,0.080
696,F,11,15.49,21.10,275,43.96,158,1.875,5.16,0.058,0.190,0.903,0.762,1.665,54.24,0.226,1246,0.714,0.359,0.224,0.135
697,F,11,14.08,13.10,195,54.61,114,2.251,4.56,0.048,0.217,0.638,0.749,1.388,46.00,0.168,1194,0.794,0.223,0.138,0.086
698,F,11,15.13,21.32,269,37.44,115,1.590,4.29,0.068,0.239,0.771,0.791,1.562,49.36,0.199,1204,0.809,0.294,0.180,0.114